Classical_Risk,Quantum_Risk,Final_Risk_Score,Flagged
0.12584546249386208,0.3547470401481344,21.7406093555571,False
0.5528244734807969,0.7435216698125192,62.91033520134859,True
0.1583534115979477,0.39793644165613645,25.418662362122323,False
0.0739801331464971,0.2719928917205321,15.318523657611111,False
0.28484391371841167,0.5337077043835995,38.43894299844868,False
0.184289559213765,0.42928959830604446,28.228957485067678,False
0.10341362002665033,0.32157988125293274,19.068012451716328,False
0.18092152267317685,0.42534870714882494,27.86923964634361,False
0.05641638083713796,0.2375213271206145,12.885835935052858,False
0.15742608609657804,0.3967695629664378,25.316347684452197,False
0.266591192544803,0.5163246968185843,36.648459425431554,False
0.15028236870346523,0.3876626996545647,24.523450108390502,False
0.09494279398097782,0.3081278857568361,18.021683069132113,False
0.22997424431362734,0.47955629942023215,32.98070663562693,False
0.4141220937189003,0.6435231881749874,50.58825315013351,False
0.25804352738065695,0.5079798493844583,35.801805618217756,False
0.09801587742640494,0.3130748751120168,18.403947650064968,False
0.33327905070647945,0.5773032571417551,43.08887332805897,False
0.3051694187598234,0.55242141410324,40.407021689719,False
0.08925242049553161,0.29875143597233406,17.30520266862526,False
0.23154585274905193,0.4811921162582071,33.1404358152714,False
0.06558958536531556,0.2561046375318408,14.179560623192566,False
0.08721722647966046,0.2953256278748264,17.046058703772683,False
0.10916611549592115,0.33040295927234237,19.766085300648964,False
0.32993084831809194,0.574396072686863,42.77169380656004,False
0.08167863599797998,0.2857947445247725,16.332507940869696,False
0.2995436198433883,0.5473057827607783,39.86484850103443,False
0.25855354612621395,0.5084816084444097,35.85247710534922,False
0.23256466966212175,0.4822495927029091,33.24386388784367,False
0.10944156476423572,0.33081953504023265,19.79927528746345,False
0.18072722027562305,0.42512024213817795,27.8484429020645,False
0.06616186903658616,0.25721949583300674,14.258491975515442,False
0.27887734241685547,0.5280883850425565,37.85617594671359,False
0.313507198167033,0.5599171350896782,41.20711729360911,False
0.18279908934355915,0.42755010155952383,28.0699494229945,False
0.43520733194782835,0.659702457133387,52.500538202205185,False
0.27764782548431477,0.52692297870212,37.73578867714369,False
0.24791754678614641,0.4979131920185952,34.79158048791259,False
0.30810634519167135,0.5550732791187767,40.68931187625135,False
0.12265780032566675,0.35022535648588715,21.368482278975492,False
0.2707934360229707,0.5203781663588228,37.06273281573115,False
0.24949003315261475,0.4994897728208404,34.94899290199051,False
0.04598598667015097,0.21444343466320195,11.336896586737137,False
0.05290762159714457,0.2300165680927019,12.37512001953675,False
0.2934082517520712,0.5416717195424469,39.271363886822144,False
0.5021821938377363,0.7086481453004279,58.47685744228129,False
0.079827163117134,0.2825370119420357,16.091110264709467,False
0.338638090833426,0.5819261901937616,43.59533305775602,False
0.09043613885459423,0.30072601958359746,17.455209114619553,False
0.3190638234896116,0.5648573479114984,41.73812332583663,False
0.30213117017779734,0.5496645978938405,40.114454126421464,False
0.38234423129564177,0.618339899485422,47.67424985715538,False
0.1662293849691453,0.4077123802009761,26.28225830618776,False
0.14532068771543927,0.3812095063287893,23.967621516077926,False
0.14374275531342384,0.3791342180724708,23.78993404170426,False
0.17847211433243337,0.4224596008288051,27.606710893098207,False
0.36928958405970136,0.6076920141483689,46.46505560951684,False
0.07022857939005722,0.26500675348009006,14.813984902607036,False
0.42462929396784876,0.6516358599462193,51.5431920359197,False
0.1818953564676783,0.4264919184084011,27.97339812439674,False
0.1678355137211862,0.4096773287859437,26.45722397470892,False
0.1087768530121962,0.32981336087580837,19.719145615764106,False
0.5977841967747455,0.7731650514442213,66.79365386425357,True
0.18440132805342013,0.4294197574092512,28.240869979575255,False
0.12213624000239975,0.3494799565102407,21.307372660553614,False
0.3902040757486914,0.6246631698353052,48.398771338333695,False
0.11336289712585468,0.33669407052375405,20.269536648501443,False
0.10153084880267793,0.31863905724609143,18.837413218004333,False
0.15224778574580367,0.3901894229035478,24.742444060890133,False
0.17298065227239878,0.41590942796767516,27.015216255050934,False
0.5533460316744406,0.7438723221591462,62.95565478683229,True
0.15880135395740502,0.39849887572916065,25.468036266610728,False
0.059611203346212394,0.24415405658356856,13.342834464115485,False
0.08204413156101609,0.2864334679485204,16.379986611601783,False
0.09546299587789098,0.30897086574285765,18.086614382387765,False
0.35869584559670353,0.5989122186069538,45.47823948008036,False
0.4971929557612582,0.70511910749976,58.03634164566589,False
0.1814775029135256,0.4260017639793591,27.9287207339859,False
0.3140052308932617,0.5603616964900989,41.25478171319966,False
0.19277364603082991,0.43905995721635777,29.128817050504107,False
0.12407751775579268,0.35224638785343515,21.534506579484965,False
0.1603392157181116,0.40042379514473364,25.637304748876044,False
0.12614546960710415,0.3551696349733521,21.775513575360332,False
0.6231088966114882,0.789372470137823,68.9614326022022,True
0.08871792582214044,0.297855545226441,17.237297358386066,False
0.208796257770669,0.4569422915102836,30.805467126651486,False
0.4249960820348021,0.6519172355712051,51.57645434493633,False
0.3853627466451971,0.6207759230553301,47.95280172092503,False
0.2933303452078381,0.5415998017058703,39.263812780705095,False
0.26901610378899066,0.5186676236174672,36.887671172038125,False
0.12631085870965253,0.35540238984797573,21.79474711649818,False
0.5615235440541848,0.749348746615476,63.665362507870135,True
0.17414906078838033,0.41731170698697195,27.1414119267817,False
0.08170365777415889,0.2858385169534695,16.335760144588317,False
0.14086256123710394,0.3753166146563511,23.46441826048028,False
0.17505677477382853,0.41839786659808453,27.239321150353092,False
0.11798292201912308,0.34348642188465484,20.81843219653358,False
0.13925792338650678,0.3731727795358429,23.28238658462412,False
0.16707833182953769,0.4087521643117473,26.37478648224215,False
0.24114304659221297,0.49106317983759784,34.11110998903669,False
0.07074275322556,0.2659750988825082,14.883569148833931,False
0.153416039688424,0.39168359639947137,24.872306237284292,False
0.33308729957378236,0.5771371583720653,43.07072430930955,False
0.1966916189798008,0.4434992885899602,29.54146868238646,False
0.1353941303019155,0.3679594139329982,22.842024375434857,False
0.24759251882686606,0.4975866947848044,34.759018921004134,False
0.3153496328288292,0.5615599993133674,41.383377942264445,False
0.2334593064422692,0.48317626850070894,33.33460912656451,False
0.1930559484902481,0.4393813246944482,29.15860989719281,False
0.15470487633733243,0.39332540769359464,25.015308887983736,False
0.44309732405363544,0.6656555596204657,53.21206182803675,False
0.09291961268532756,0.30482718495128935,17.768264159171228,False
0.2634066268682429,0.5132315528767136,36.33365972716312,False
0.1451891014909409,0.38103687681239057,23.952821161952077,False
0.1881997126705145,0.43381990810763227,28.64477908453616,False
0.26770944865375446,0.5174064636760488,36.75882546626722,False
0.08590746144001693,0.2930997465710555,16.878437549243237,False
0.1442146480861538,0.3797560375901268,23.843120388774302,False
0.4411823392578512,0.6642155819143746,53.03956363204605,False
0.0877022626245837,0.2961456780447483,17.107962879264953,False
0.34605487715574423,0.5882642919264641,44.29386430640322,False
0.18471052568381507,0.4297796245563708,28.27381652328374,False
0.18076990996313302,0.42517044813008,27.853012522991182,False
0.4236509247559148,0.6508847246294192,51.45444447053165,False
0.10010475993491574,0.31639336265938917,18.66202010247051,False
0.12545482230681992,0.3541960224322401,21.6951302356988,False
0.17293922244974735,0.4158596186812893,27.010738094236412,False
0.1537229905837343,0.39207523587155346,24.906388869886197,False
0.28953645946231577,0.5380859220071789,38.8956244480261,False
0.07476273519038468,0.27342775131720753,15.422874164111382,False
0.22166638978813524,0.4708146023522797,32.132567481379304,False
0.09178202186921047,0.30295547836144254,17.62514044661033,False
0.18354355970584968,0.4284198404670933,28.149407201034716,False
0.5313555268931203,0.728941374112569,61.03898657808997,True
0.40426400435149157,0.63581758732477,49.68854375408029,False
0.28734054038995915,0.5360415472609927,38.682094313837254,False
0.08785287124910846,0.29639985028523286,17.127166286355823,False
0.08478649625973278,0.2911812086308675,16.734438120818666,False
0.09592149616563284,0.30971195676891916,18.143768040694734,False
0.45273678266497364,0.6728571785044533,54.07849410007655,False
0.11572300515385592,0.3401808418383609,20.550613982765793,False
0.26645380353913184,0.5161916345109943,36.634893592787684,False
0.14576643970909453,0.38179371355366043,24.017734924692093,False
0.24228896567973568,0.492228570564261,34.22648076335458,False
0.1767796594393417,0.4204517325916754,27.424848870027517,False
0.22043656796263977,0.469506728346506,32.00646321161862,False
0.09229925127312,0.30380791838449506,17.690271811767,False
0.33687598993866774,0.5804101911051078,43.42896704052438,False
0.07798202216201311,0.2792526135276322,15.849025870826075,False
0.009898552701160912,0.09949147049451482,4.5735719818502485,False
0.32216321158914596,0.5675942314621828,42.03356195383607,False
0.16304242011491088,0.40378511626224023,25.933949857384263,False
0.3217455694524297,0.5672262065987693,41.993782431096555,False
0.10226109875364953,0.3197828931535418,18.926981651360645,False
0.1887862113622073,0.43449535252083804,28.706986782565963,False
0.1606146547189482,0.4007675819211781,25.667582559984016,False
0.32855309167029956,0.5731955091156067,42.64100586484224,False
0.15346096981008073,0.39174094732371384,24.877296081553396,False
0.41800724616493967,0.6465347988816531,50.94182672516251,False
0.19204908963417033,0.43823405804908677,29.052307700013692,False
0.5983083618521692,0.7735039507670075,66.83865974181045,True
0.43215178579638847,0.6573825262329297,52.2244081971005,False
0.2562300038615297,0.5061916671198072,35.621466916484074,False
0.07709951460531206,0.2776679934837864,15.732690615670181,False
0.21187340149545708,0.46029707960778665,31.124287274038892,False
0.28308045493448886,0.532053056503286,38.26694955620077,False
0.04180595152851452,0.20446503742330746,10.686958588643169,False
0.2525002856945918,0.502494065332708,35.249779754983834,False
0.05750213332328702,0.23979602441092934,13.041968975834395,False
0.16191859712338252,0.40239109970696735,25.81075981568165,False
0.06112908158295116,0.2472429606337684,13.557463320327805,False
0.21426220313818412,0.4628846542478851,31.371118358206452,False
0.4817463053881217,0.6940794661910995,56.66795697093128,False
0.26936728615962025,0.5190060559951302,36.92227940938242,False
0.08414118121342407,0.2900709934023464,16.6513106088993,False
0.1725965832298063,0.41544744942026823,26.973692970599107,False
0.18166176805490108,0.4262179818530667,27.948425357416735,False
0.13616199605395352,0.3690013496641354,22.929773749802628,False
0.37716938886483276,0.6141411799129194,47.19581052840674,False
0.11725328116561273,0.34242266450340686,20.73210345007304,False
0.056977001317890186,0.23869855742733384,12.966562376166765,False
0.12689612651880566,0.3562248258036007,21.86276062327237,False
0.22849861176699893,0.47801528403075033,32.83052806724995,False
0.10786683870853075,0.3284308735617447,19.609245264981634,False
0.05137023368111571,0.22665002466603817,12.14821500750847,False
0.19076424282517823,0.4367656612248475,28.91648101850459,False
0.3837256112419828,0.61945589935199,47.801772648598565,False
0.37826720533844727,0.615034312326107,47.29740481335112,False
0.0490402143999793,0.2214502526527782,11.800422970109887,False
0.12451498962812546,0.3528668157083143,21.585572006020097,False
0.1735424786249411,0.4165842995420508,27.075920699178496,False
0.22255392905811433,0.4717562178266592,32.22348445655323,False
0.4987168923412809,0.7061989042339849,58.17096970983625,False
0.1979801370301667,0.4449495893134038,29.67679179434615,False
0.3349754287536024,0.5787706184263351,43.249350462269554,False
0.02597298441806184,0.16116136143028154,8.004833522294973,False
0.07400146946140584,0.272032111085081,15.321372611087591,False
0.18304543217813807,0.42783809107901793,28.096249573849004,False
0.33502637766580723,0.5788146315236056,43.25416792089266,False
0.25253119273594715,0.5025248180298633,35.25286428535136,False
0.08313501950195079,0.28833144036325764,16.521358784647354,False
0.3972249646838636,0.6302578557097591,49.04381210942218,False
0.01730339206359721,0.13154235843863074,6.299897861361063,False
0.25451732677340566,0.504497102839457,35.45092371998262,False
0.12445592898240532,0.3527831189022589,21.578680495034675,False
0.14971728352205738,0.3869331770759098,24.46036409435984,False
0.324612552414674,0.56974779720037,42.26666503289525,False
0.2899170235524893,0.5384394335043536,38.9325987533235,False
0.11875556229924178,0.34460928933974166,20.909705311544176,False
0.043836903580812714,0.20937264286628451,11.005119929500145,False
0.2684567383594383,0.5181281099877117,36.83252870107477,False
0.2988435798866056,0.5466658759119738,39.79724982967529,False
0.04293074990615764,0.20719736944796774,10.863739772288168,False
0.04552492339153835,0.21336570340975222,11.26612353988239,False
0.1800425917029379,0.4243142605462818,27.77512592402755,False
0.2740404329300514,0.5234887132785686,37.38197450694583,False
0.025762934203224508,0.160508361785997,7.9661105236333505,False
0.14141305335310017,0.37604926984784875,23.52675399509996,False
0.26122646920445636,0.5111031884115539,36.11771568872953,False
0.16868832376900011,0.4107168413505832,26.549973080163337,False
0.24735958629084953,0.49735257744466305,34.73567827523749,False
0.06853448316562083,0.2617909149791505,14.583705589103271,False
0.5828952934434873,0.7634757975492656,65.51274950857986,True
0.23322746957964402,0.48293629971212976,33.31110016326383,False
0.25155573460022895,0.5015533217916406,35.15547694767937,False
0.13797145631462315,0.3714450919242616,23.136091055847853,False
0.08407142274157076,0.28995072467847144,16.642314351633104,False
0.16847412948850038,0.41045600189118975,26.526687844957614,False
0.34428457086831965,0.5867576764460092,44.127381309939544,False
0.132653070824442,0.3642156927212802,22.527811958317727,False
0.4782876825782,0.6915834603127811,56.36059936720324,False
0.17120065435170817,0.41376400804287966,26.82259958281768,False
0.4261534227105518,0.6528042759591514,51.68137640099917,False
0.6442204815945656,0.8026334665303744,70.75856755688892,True
0.17435202219460877,0.4175548134013171,27.16331386772921,False
0.21078432300126293,0.4591125384927566,31.011560919786042,False
0.46608634063009313,0.6827051637640462,55.273386988367434,False
0.5789139729498711,0.7608639648122857,65.1693969694837,True
0.15205314303061335,0.389939922334984,24.720785475236163,False
0.02555607660202386,0.15986268045426943,7.927871814292208,False
0.036989043495739504,0.19232535843132986,9.912356946997566,False
0.19683284640718257,0.443658479471747,29.556309963300837,False
0.31815596618307684,0.5640531590046073,41.6514843311689,False
0.3841357834345359,0.6197868854973747,47.83962242596714,False
0.16047160482361456,0.4005890722718414,25.651859180290526,False
0.2598365462389378,0.5097416465612142,35.97985863678483,False
0.06419562441851467,0.25336855451794854,13.986479645828823,False
0.25463599593750674,0.5046147004770142,35.462747775330975,False
0.21518308860274682,0.4638783122789282,31.466117807321936,False
0.08130949543555266,0.2851481990747139,16.284497689121714,False
0.08059399678167556,0.28389081841735486,16.191272543594728,False
0.29177876376213263,0.5401654966416614,39.11334569139441,False
0.3330492952159234,0.5771042325402954,43.06712701456722,False
0.04338571248242662,0.2082923725978141,10.934837652858162,False
0.22806711329531515,0.4775637269467973,32.7865758755908,False
0.11959332867591055,0.34582268386546094,21.00850707517307,False
0.1202459110948716,0.3467649219498299,21.085351543685494,False
0.17918501503079087,0.42330251006908864,27.683201304611,False
0.13035533210098782,0.36104754825505714,22.263221856261556,False
0.10859140308337922,0.3295320971974949,19.69676807290255,False
0.10156762079860537,0.318696753668131,18.841927394641562,False
0.5502214621960273,0.7417691434644793,62.68405347034081,True
0.08813741752642046,0.2968794663266903,17.163423704652843,False
0.1716660471462026,0.4143260155314925,26.873003450031856,False
0.1288806993377608,0.358999581250119,22.092825210270405,False
0.15068893426776608,0.3881867260324161,24.568805097362613,False
0.15705429232804902,0.39630075993877306,25.275287937233866,False
0.12325307294001753,0.35107417014075176,21.438151182031124,False
0.37677643942854455,0.6138211787064247,47.15943351396966,False
0.4178133150633173,0.6463848041711047,50.92419107064323,False
0.19912348026485494,0.44623254057145467,29.796710438749486,False
0.14655425328367244,0.3828240500330046,24.10621719834053,False
0.20347178984630399,0.45107847415533364,30.251446356991586,False
0.36248788773772467,0.6020696701692626,45.832060071033986,False
0.2934444800084216,0.5417051596656816,39.274875187132565,False
0.1702624075661311,0.41262865577433067,26.72089068494109,False
0.45184399826939925,0.6721934232565797,53.99837682642714,False
0.22243622256535645,0.47163144781211996,32.21143126640619,False
0.12992312104111792,0.36044849984584193,22.21332725630075,False
0.03914769677429142,0.19785776905214367,10.263172568543231,False
0.3569874123959774,0.5974842361066753,45.31861418802566,False
0.31350823519684534,0.5599180611454192,41.20721655762749,False
0.17592884427653355,0.41943872529433135,27.333279668365268,False
0.46593151376902386,0.6825917621602416,55.2595613125511,False
0.23355276081940102,0.4832729671928702,33.34408433687887,False
0.34002620329841615,0.583117658194653,43.726278525691086,False
0.08750595476967604,0.295814054381593,17.08291946144428,False
0.15071365510539902,0.38821856615236605,24.571561952418584,False
0.3140294889966956,0.5603833411127561,41.25710298431198,False
0.4341553260710307,0.6589046411060031,52.40550520850197,False
0.20862080428721552,0.4567502646821516,30.787258844518995,False
0.23878092354732805,0.4886521498441688,33.87294140660644,False
0.2816239890853186,0.5306825690422841,38.12474210681048,False
0.29781164257342185,0.5457212132338469,39.69754708375919,False
0.12745459045281926,0.3570078296799935,21.927588614368897,False
0.2543790005210872,0.5043599909995709,35.43713967124806,False
0.06818276431790282,0.2611182956399318,14.535697684671439,False
0.05006294348964668,0.22374749940423175,11.953676585548072,False
0.12133997733311808,0.34833888289009324,21.213953955590814,False
0.15011373383178683,0.3874451365442427,24.50462949167692,False
0.06226056522737111,0.24952067094205063,13.716460751324295,False
0.3630786769658867,0.6025601023681262,45.88712471267825,False
0.17419862720260382,0.4173710905208982,27.146761252992157,False
0.2791676180961218,0.5283631498279585,37.88458307888565,False
0.34420114306868144,0.5866865799289102,44.119531781277296,False
0.027408080019963532,0.16555385836628372,8.26663913584916,False
0.31593860807056884,0.5620841645790858,41.43968306739756,False
0.19686338664491887,0.4436928967708621,29.559519069529617,False
0.5900302656878762,0.7681342758189327,66.12718697402988,True
0.12081508941518537,0.34758465071862044,21.152291393655943,False
0.2847453285149426,0.5336153375934228,38.42933321463347,False
0.11175386658931297,0.33429607623978025,20.07707504494999,False
0.07810029579272781,0.2794643014639398,15.86458980612126,False
0.07851032480838582,0.28019693932729856,15.91849706159509,False
0.21987943146937683,0.46891303188264755,31.949287163468508,False
0.18705743530860963,0.4325013702967999,28.52350093038858,False
0.3590643316151402,0.5992197690456651,45.51265065873501,False
0.2823340792419774,0.5313511825920569,38.19409205820092,False
0.03682212422099396,0.1918909175052169,9.884964153468315,False
0.20389977010820148,0.45155262163805615,30.296091072014335,False
0.1355837996222481,0.3682170550398883,22.863710178930415,False
0.061424908874692985,0.247840490789324,13.59911416405454,False
0.15070904335142166,0.38821262647088345,24.571047659920637,False
0.25453515239327884,0.5045147692518811,35.45269991367198,False
0.3168336623523229,0.5628797938746095,41.52521149612376,False
0.4071217340848611,0.6380609172209665,49.94974073393033,False
0.3498556348793087,0.5914859549298772,44.65077628995361,False
0.1847091395899303,0.4297780119898298,28.27366885498901,False
0.30128139794983766,0.5488910620057842,40.032526357221634,False
0.2558520102299662,0.5058181592528743,35.58384698391294,False
0.23275558626160853,0.48244749586002467,33.2632350100975,False
0.2635438159970742,0.5133651877533908,36.34723646996009,False
0.3639288277789291,0.60326513887256,45.96633522163815,False
0.3779001988566669,0.6147358773137183,47.26344702394874,False
0.04618273332655187,0.21490168293094372,11.367031316830861,False
0.35684665941554006,0.5973664364655417,45.30545702355408,False
0.11336351104024889,0.33669498220236205,20.269609950509416,False
0.08582003656098147,0.2929505701666776,16.86722500032599,False
0.18883574352065924,0.4345523484238225,28.71223854819246,False
0.3812760680184679,0.6174755606649286,47.57558650770522,False
0.2342414856388667,0.48398500559301083,33.41388936205244,False
0.17989066378999397,0.4241351951795488,27.758847634581592,False
0.27806752366986787,0.5273210821405379,37.77689470581359,False
0.08242226544705056,0.28709278194871174,16.429047204771503,False
0.39018417333713296,0.6246472391175142,48.39693996492854,False
0.06194985055590385,0.24889726908084758,13.672881796588134,False
0.3540307334487811,0.595004818004679,45.042036727114024,False
0.07256794081962126,0.2693843737480355,15.129451399098695,False
0.43051828877991316,0.6561389249083712,52.076654323129645,False
0.15283512013250056,0.3909413256903145,24.807760235562615,False
0.05480696604797519,0.23410887648266393,12.652773022185068,False
0.08081063744741013,0.28427211865993846,16.219522993242148,False
0.047955043195806346,0.21898639956811553,11.636758574473003,False
0.13220510643699823,0.3636002013709539,22.476314441058047,False
0.36141242130033857,0.6011758655338207,45.73177989937315,False
0.10810649167046882,0.32879551649994987,19.638210160226123,False
0.2698392623442112,0.5194605493627126,36.968777715161174,False
0.22223758706158458,0.4714208173825002,32.19108791899508,False
0.23945969484184237,0.48934619119989314,33.94142933850627,False
0.13694342222961842,0.37005867403645387,23.01895229523526,False
0.09456267451201872,0.30751044618357065,17.97417831806395,False
0.2198930313393691,0.4689275331427758,31.950683206073183,False
0.19713669381996268,0.44400078132809934,29.588232882321737,False
0.10654932572148545,0.3264189420384262,19.449717224826173,False
0.1156848583677994,0.34012476882432335,20.546082255040897,False
0.3549316138634582,0.5957613732556503,45.1263517620335,False
0.1681500605563805,0.41006104491451084,26.491445429963267,False
0.22114620592613554,0.47026184825704875,32.07924628585008,False
0.165730461209752,0.4071000628957849,26.22783018841652,False
0.36918757819182757,0.6076080794326452,46.45557786881546,False
0.07642487270658227,0.27645048870743977,15.643511910692528,False
0.2952681838585606,0.543385851728365,39.45152510064823,False
0.23497378525299695,0.4847409465405176,33.488064976800516,False
0.048439609308615794,0.22009000274573082,11.709976668346181,False
0.09722154608431444,0.31180369799653507,18.30544068492027,False
0.21276457851106867,0.4612641092812974,31.216439081916015,False
0.3349941431027943,0.5787867855288287,43.2511200073208,False
0.2162174849186269,0.4649919191971264,31.57272586300267,False
0.3538725939930075,0.5948719139386289,45.02723219712561,False
0.2859101474739235,0.5347056643368606,38.542835421909835,False
0.2681588275646556,0.5178405426042418,36.80315135804901,False
0.14867996585716925,0.38559041203999,24.344414433029755,False
0.3153134797187148,0.5615278084999129,41.37992112311941,False
0.12985616835725766,0.36035561374461433,22.205594651220036,False
0.32405165064555386,0.5692553474896427,42.213312938318936,False
0.11142956978350727,0.3338106795528077,20.038201369122742,False
0.2669158893359874,0.5166390319516978,36.68051463822716,False
0.4466209276374662,0.6682970354845712,53.529137077630814,False
0.5933138715528797,0.7702687008783881,66.40958032830831,True
0.2035465443417731,0.4511613285087421,30.25924580085607,False
0.18858144659184406,0.43425965342389805,28.685272932466567,False
0.1776105854763219,0.42143870903883746,27.514183490132815,False
0.2038391383015038,0.4514854796131364,30.28976748261568,False
0.373497973422909,0.6111448056090382,46.85567062973607,False
0.09936566298703953,0.315223195509213,18.570867599590894,False
0.43749084839683483,0.6614309097682348,52.70668729453949,False
0.10200484292548506,0.3193819702573786,18.895569385824246,False
0.30361807894355486,0.5510154979159433,40.257704653251025,False
0.2285852679271997,0.4781059170593894,32.83935275800756,False
0.16946672899487047,0.4116633685365635,26.634538481154767,False
0.12799154419800518,0.35775905886225323,21.98985500637044,False
0.2739843965618859,0.5234351885017723,37.376471333784046,False
0.12961078171208418,0.3600149742886873,22.177245874272543,False
0.36405004609774105,0.6033655990340691,45.977626727227225,False
0.2915091414371508,0.5399158651467382,39.08718309209858,False
0.09547389625149116,0.30898850504750364,18.087973976989616,False
0.19964423414997312,0.4468156601440611,29.851280454760833,False
0.12395885592536993,0.352077911726041,21.520647824563838,False
0.28091543575226374,0.5300145618303932,38.05550861835155,False
0.320470420629714,0.5661010692709509,41.87226800862088,False
0.07991466211390164,0.2826918147274548,16.102552315932293,False
0.37331941458031503,0.6109987026011717,46.83911297886577,False
0.12013998095042422,0.346612147724837,21.072884766018934,False
0.10298487847407267,0.3209125713867761,19.015595563915404,False
0.12760573577816792,0.3572194504477156,21.9451221645987,False
0.20997803443889207,0.4582336024768285,30.928026165406663,False
0.10475477764688257,0.32365842743065193,19.231623756039028,False
0.22522625670054663,0.4745800846016894,32.49677878610038,False
0.5684275219222099,0.7539413252516471,64.26330432539848,True
0.130536749998161,0.36129869913710044,22.28415296537368,False
0.254275856395872,0.5042577281468992,35.42686050962829,False
0.03375472425542225,0.1837245880534836,9.374266977464679,False
0.25426779024406276,0.5042497300386612,35.426056616190216,False
0.23416960783758878,0.483910743668281,33.40660621698657,False
0.2013762102010671,0.44874960746619835,30.03255691071196,False
0.17357710664781512,0.4166258593124233,27.079660771365845,False
0.40236202716597147,0.634320129876052,49.514526825000374,False
0.4128177843989449,0.6425089761232483,50.46942610886662,False
0.10016305089560462,0.3164854671159556,18.669201738374504,False
0.11846346426378318,0.34418521796233953,20.87521657432057,False
0.20595370240920496,0.45382122296032495,30.5100710629653,False
0.11824144551139304,0.3438625386857269,20.848988278112657,False
0.08537701177052837,0.29219344922589957,16.810358675267683,False
0.33027728127963174,0.5746975563543243,42.80453913095088,False
0.17951346509164778,0.42369029383695794,27.71841965897719,False
0.31333038245701195,0.5597592182867666,41.19019167889138,False
0.28677326362373423,0.5355121507713286,38.6268818482772,False
0.11366129207314313,0.33713690405107405,20.30515368643155,False
0.0873494740222942,0.29554944429366503,17.062946213084253,False
0.3496481161742915,0.5913105074106932,44.63130726688522,False
0.41669881652205065,0.6455221270584384,50.822814073660574,False
0.2970174425075889,0.5449930664766194,39.62076920952011,False
0.22131252503576837,0.47043865172386545,32.09629757110072,False
0.10865411430171534,0.3296272353761372,19.70433627314841,False
0.1469294181089249,0.38331373326418255,24.148314417102796,False
0.2529979139732139,0.5029889799719413,35.29943403727048,False
0.10903956962356387,0.33021140141364574,19.75083023395966,False
0.00802813794679691,0.08959987693516609,4.065683354214459,False
0.20907562654518208,0.4572478830406786,30.834452914338073,False
0.19323409279579107,0.4395839997040282,29.177405555908592,False
0.1602730349552437,0.40034114821642264,25.63002802597153,False
0.30390403018229883,0.5512749134345756,40.28523834832095,False
0.3571488113206771,0.5976192862690068,45.3337001300009,False
0.23751074908592384,0.48735074544512996,33.74467476296063,False
0.23173576954067188,0.4813894156924016,33.15972280013638,False
0.1159383161039399,0.3404971601995234,20.57618537421733,False
0.2905694177817504,0.5390449125831264,38.99596157023007,False
0.14003866242210394,0.37421739994567854,23.37101574315338,False
0.15578379454959357,0.39469455855077806,25.134810015006735,False
0.4187793972277962,0.6471316691584459,51.01203060000561,False
0.1788905515311826,0.422954550195624,27.651615099695913,False
0.15825308263634796,0.39781036014205057,25.4075993638629,False
0.215829990309799,0.464575064235909,31.5328019880243,False
0.03125320875880999,0.17678577080412888,8.946623357693754,False
0.30485245127774174,0.5521344503630812,40.37652509118775,False
0.1402727116520638,0.37452998765394446,23.39756220528161,False
0.3184624429533751,0.5643247672691454,41.68073726796832,False
0.19197345795659548,0.4381477581325682,29.044317802698462,False
0.4220658902197584,0.6496659835790684,51.31059275634824,False
0.010426632698279259,0.1021108843281619,4.7100333350232315,False
0.2684556407312084,0.5181270507618845,36.832420474347884,False
0.15785972217387556,0.3973156455186173,25.364209151177224,False
0.12025304550587435,0.34677520889745617,21.08619108625071,False
0.17936141333981725,0.42351081844483884,27.70211753818259,False
0.3283491033685132,0.5730175419378652,42.6216478796254,False
0.45849834465517747,0.6771250583571528,54.59490301359675,False
0.4073249984242875,0.6382201802076518,49.96830711376332,False
0.100723932123153,0.3173703390727511,18.73824949029922,False
0.19935245330920415,0.446489029326818,29.82070837162497,False
0.24977673622142027,0.4997766863524351,34.97767162738262,False
0.2705660017783328,0.5201595926043591,37.04034381087433,False
0.21728505192134306,0.46613844716065106,31.682641001706624,False
0.24592920674545882,0.4959124990817017,34.5922523679956,False
0.08039602924248346,0.28354193559768803,16.165439178456527,False
0.18054645625843335,0.42490758555059166,27.829090797529666,False
0.30970690186700045,0.5565131641452882,40.84294067783155,False
0.21398575609276627,0.46258594454735247,31.34258314746008,False
0.22586186432665412,0.4752492654667171,32.561682478267926,False
0.1333364177590023,0.36515259516947474,22.606288872319126,False
0.11697046875297812,0.34200945711044034,20.698606409596298,False
0.05609445461934426,0.23684267904949957,12.839374439140638,False
0.1675527586379898,0.40933208845384916,26.426449056433356,False
0.27759681147868775,0.5268745690187445,37.73079144947105,False
0.21235477574867778,0.4608196781265724,31.17407366998356,False
0.2270853407169271,0.476534721417996,32.68650929973547,False
0.1076709653165896,0.32813254230050026,19.585559611015384,False
0.05893138143545407,0.24275786585701825,13.246197520407977,False
0.16748998172875473,0.4092553991442932,26.41961486949701,False
0.07741175235955355,0.27822967555520306,15.773892163781337,False
0.4297210105664564,0.6555310904651711,52.00450425259422,False
0.16541089964748712,0.4067073882381375,26.19294950837473,False
0.38917602705992926,0.6238397446940435,48.3041514113575,False
0.2083053863405604,0.45640484916416085,30.75451714700006,False
0.141118476595111,0.3756573925734871,23.493404298646144,False
0.2403556870381549,0.49026083571722806,34.03177465097842,False
0.6587024352951996,0.8116048516952074,71.98634018552026,True
0.16310935601945586,0.4038679933090215,25.94128109352821,False
0.12816648562329458,0.3580034715240825,22.01012799836098,False
0.3835195244524834,0.6192895320062203,47.782752747397815,False
0.2763564001132828,0.5256961100419926,37.60922840847667,False
0.11115533303034486,0.33339965961342083,20.005306366357523,False
0.3718463120653174,0.6097920236156893,46.70245966854662,False
0.2315976317195757,0.48124591605495803,33.14569454537286,False
0.30606076254861125,0.5532275865759148,40.49274921595327,False
0.2797382508105243,0.5289028746476278,37.94041003453656,False
0.12766936304312437,0.35730849841995693,21.952501719385744,False
0.3234981995699635,0.5687690212818939,42.16065282547356,False
0.14148520663924435,0.3761451935612688,23.534920140805415,False
0.2738662913548616,0.5233223589288553,37.36487183844591,False
0.1056160412924837,0.32498621708079206,19.336411160780703,False
0.2748250203187361,0.5242375609575645,37.45900365742675,False
0.1329568232674022,0.3646324495535226,22.56270737818504,False
0.12157500603164417,0.34867607608157486,21.241543405161643,False
0.42322748403567756,0.6505593624225829,51.41602353904398,False
0.19553629639414405,0.44219486246918793,29.41997228241616,False
0.27874325673366573,0.5279614159516448,37.84305204208573,False
0.0638842687808604,0.25275337540943027,13.943191143228834,False
0.17864269396279542,0.42266144130118544,27.625019289815146,False
0.10756852131757688,0.32797640359876024,19.57316742300502,False
0.16853482345229387,0.4105299300322619,26.533286608428106,False
0.11284267375374324,0.33592063609391914,20.20738586898136,False
0.23962854711951098,0.4895186892443546,33.958460396944844,False
0.12005315950198536,0.3464868821499385,21.062664856116665,False
0.11313507950814838,0.33635558492189244,20.242328167364597,False
0.3609202455356856,0.600766381828815,45.68587000529374,False
0.13911400120314965,0.37297989383229446,23.266035825480756,False
0.13412667732962502,0.3662330915272745,22.69692430086848,False
0.27344149743715285,0.5229163388508269,37.323143400262246,False
0.288410857728993,0.5370389722627148,38.786210354248176,False
0.23472068528880674,0.48447980895885306,33.46243347568253,False
0.09768260484865698,0.3125421649132433,18.362642887449155,False
0.08813566392029348,0.29687651291453404,17.16320035179897,False
0.10151161295861966,0.3186088714374094,18.835051635013556,False
0.08889516224555727,0.29815291755332074,17.259826436866266,False
0.4165564891807907,0.645411875611838,50.809864375320956,False
0.21859474120403066,0.4675411652507517,31.817331082271906,False
0.5144831801408712,0.7172748288772381,59.55998396354181,False
0.15398924317818752,0.3924146317075696,24.93593985899404,False
0.11142836581974891,0.33380887618478466,20.03805699657632,False
0.4982492219582043,0.7058677085390749,58.12966165905525,False
0.21003910442957652,0.45830023394012853,30.934355623379734,False
0.1537607721323787,0.3921234144148736,24.910582904537666,False
0.36368617045963525,0.6030639853777005,45.94372964268614,False
0.1460406711345108,0.38215268039686806,24.04854748394537,False
0.25073975976690377,0.5007392133305557,35.073954119236454,False
0.13448313985521965,0.36671942933967877,22.737765564900332,False
0.2390339626010478,0.4889109966047479,33.898477620252784,False
0.046172881529260246,0.21487876007009218,11.365523294559301,False
0.2391896007767309,0.4890701389133576,33.91418160313816,False
0.25704675732429216,0.5069977882834324,35.70271697079483,False
0.47481852824170256,0.6890707715769858,56.05194255758159,False
0.15598016940384418,0.39494324833302846,25.156540097551787,False
0.06811456676688055,0.26098767550763874,14.526381026318383,False
0.23745685068778744,0.4872954449692583,33.73922884003758,False
0.4122204830208751,0.642043988384655,50.4149885166387,False
0.22722153172493686,0.4766775972551436,32.70039579370195,False
0.08851206632191655,0.2975097751703573,17.211114986129285,False
0.39509000736453703,0.6285618564346209,48.84787469925706,False
0.15320029565151616,0.3914080934926054,24.848341478795188,False
0.45241968089536955,0.6726214989839155,54.0500408130788,False
0.2600504683543148,0.509951437250955,36.00108559129709,False
0.036189732238684935,0.19023599091308915,9.780823570844662,False
0.0747861736722939,0.2734706084249163,15.425994757334285,False
0.05180724382374502,0.22761204674565233,12.212916499250795,False
0.4645868265711406,0.681606064065704,55.139452156896596,False
0.11531066583412186,0.33957424200625386,20.501609630297466,False
0.13728459131751225,0.37051935349926357,23.05784961902128,False
0.16206094185917475,0.4025679344646997,25.82637389013847,False
0.15823006199213907,0.39778142489580764,25.40506071536065,False
0.13243999520794136,0.36392306220950243,22.50332220085658,False
0.5357219424302487,0.7319302852254774,61.420527954834014,True
0.0838490362730725,0.2895669806332768,16.613621401715424,False
0.08918998000518708,0.29864691527820453,17.297275411439404,False
0.18755677735497867,0.4330782577721706,28.576536952185545,False
0.2067182871982035,0.45466282803656105,30.589610353354658,False
0.5215567929323179,0.7221888900643085,60.18096317851141,True
0.23574417634698164,0.485534938338099,33.56604811434286,False
0.20611967037775225,0.45400404224825164,30.5273419125952,False
0.1432992586087719,0.37854888536194625,23.739910931004164,False
0.41217900025980714,0.6420116823390422,50.41120730915012,False
0.0546552011641912,0.23378451865808225,12.630692816174763,False
0.099160229935635,0.31489717359105496,18.545500739780298,False
0.21734466382754547,0.46620238505132666,31.68877523170579,False
0.13728130322685228,0.37051491633516226,23.057474847017627,False
0.4168109235313697,0.6456089555848569,50.83301363527646,False
0.281341096735065,0.5304159657618396,38.09710443457748,False
0.10261781297999661,0.3203401519947142,18.970674858588367,False
0.27482336893027337,0.5242359859169088,37.45884157249275,False
0.04687067889140273,0.2164963715432726,11.472095595215068,False
0.18423797326411773,0.42922951117568525,28.22345884287447,False
0.23303798715364854,0.48274008239802146,33.29188252513977,False
0.12215034271746383,0.34950013264298463,21.30902586876722,False
0.11726307741967645,0.3424369685353444,20.733263386594363,False
0.18720343446968113,0.432670121997904,28.539010948097026,False
0.07117415275213057,0.2667848435577452,14.94184290743764,False
0.5174254431363705,0.7193229060278635,59.81844282929678,False
0.10373190496661877,0.3220743780039306,19.10688941815435,False
0.27370842488904723,0.5231715061899369,37.34936574094031,False
0.04702509178809333,0.2168526960590837,11.495613349648949,False
0.21850344129861288,0.46744351669331435,31.80794714564935,False
0.04879035842333279,0.22088539658232906,11.76283736869313,False
0.44853007925826516,0.6697238828489434,53.70076006945364,False
0.18290701064792592,0.42767629189367734,28.08147231462265,False
0.11002717028322406,0.3317034372496373,19.869767706978937,False
0.1151797572640495,0.3393814332930567,20.486042767565237,False
0.04658310181560843,0.21583118823656702,11.428233638399188,False
0.2064481604931152,0.4543656682597346,30.5615163599763,False
0.1131850192984164,0.3364298133317207,20.248293691173814,False
0.10648934659127851,0.32632705464193207,19.442442981153995,False
0.17683219174369336,0.42051419921768796,27.430499473329125,False
0.12983898468262778,0.3603317702931949,22.20360989268546,False
0.23480071772379962,0.4845623981736507,33.47053899037401,False
0.4192075530186343,0.6474623950613922,51.05094898357374,False
0.20520177750899482,0.4529920280854784,30.43178777395883,False
0.18563996179440312,0.4308595615678073,28.372780170376483,False
0.20239067715106873,0.44987851376907156,30.138581179826986,False
0.26490309449487903,0.5146873754959208,36.48168068952957,False
0.55609791279648,0.7457197280456512,63.19466388961486,True
0.16621904446137137,0.40769969887329005,26.281130622613887,False
0.0684886007155231,0.2617032684463897,14.577446780786973,False
0.11576190621991345,0.3402380140723747,20.555234936089796,False
0.16362666271057658,0.4045079266350371,25.99791682803608,False
0.01695980784115858,0.13022982700272076,6.2267815505783455,False
0.5567967136568388,0.7461881221627954,63.25532770592215,True
0.06276958790611631,0.2505385956417021,13.787719100035062,False
0.3160160165357856,0.5621530187909566,41.4470817437854,False
0.19250816710262642,0.4387575265481225,29.100791088082484,False
0.28398487785889037,0.5329023154940222,38.35518529129431,False
0.26529369634603417,0.5150666911634203,36.52028942729886,False
0.18957502374564483,0.4354021402630502,28.790587035260696,False
0.4472482170710066,0.6687661901374848,53.585540629759784,False
0.2969850107103684,0.5449633113434045,39.61763309635828,False
0.05633279852082185,0.23734531493337266,12.873780508584218,False
0.055128356602923034,0.23479428571181846,12.699472824648122,False
0.24571042940936894,0.495691869420277,34.570300541373214,False
0.4582799340448551,0.6769637612493412,54.575346492664956,False
0.16971962507562888,0.41197041771907467,26.661994213300723,False
0.3087242965244952,0.5556296397102076,40.74864337987801,False
0.32727835080800727,0.5720824685375416,42.5199997899821,False
0.15660595849774173,0.3957347072190431,25.22574579862623,False
0.23699050510009556,0.4868167058555977,33.692098540229644,False
0.029517061202630313,0.17180530027513793,8.643235683163336,False
0.12002848977175729,0.3464512805168387,21.059760606978983,False
0.332408474782134,0.5765487618425124,43.006458960628535,False
0.006020879100902654,0.07759432389616301,3.46502570190068,False
0.2803031089158349,0.5294365957466813,37.995650364817344,False
0.05587335700687346,0.2363754577084378,12.807419728749919,False
0.15531015239189294,0.39409409078530083,25.08237277492561,False
0.157244150872052,0.39654022604529293,25.29625809413484,False
0.04264183155211332,0.20649898680650547,10.818469365387019,False
0.17452579941069424,0.4177628506828895,27.182061991957234,False
0.1319515462694678,0.3632513541192487,22.44714694093802,False
0.03528140894142218,0.18783346065443765,9.630222962662838,False
0.12584565556572114,0.35474731227413286,21.740631824908583,False
0.07636492641845938,0.2763420460560777,15.635577427350672,False
0.3870989879981571,0.6221727959322532,48.11285111717956,False
0.1287898709253611,0.3588730568395475,22.08231452910357,False
0.45254012423747236,0.6727110258034071,54.06084848638463,False
0.08279299380841831,0.28773771704178497,16.477088310176498,False
0.2533915274105857,0.5033801023188994,35.33869573739111,False
0.1650896027466635,0.40631219861907114,26.157864109562656,False
0.3766050309361253,0.6136815386958657,47.14356340400215,False
0.17622333204810048,0.4197896283236408,27.36498505583166,False
0.6535477171901048,0.8084229816068472,71.54978229568019,True
0.22533364123192012,0.47469320748449745,32.50774677329511,False
0.05937015834715231,0.2436599235556646,13.308606443055723,False
0.17549223096223376,0.41891792867127775,27.28625100458514,False
0.05633454205018895,0.23734898788532668,12.874032038424405,False
0.24237059235189018,0.49231147899667155,34.23469470098027,False
0.12224692278306892,0.34963827419644566,21.32034633484196,False
0.07501493757919986,0.2738885495583922,15.45643823708768,False
0.0240166425870586,0.1549730382584616,7.63992008556198,False
0.21211228250924297,0.4605564922018177,31.148996638627285,False
0.2977623093471933,0.5456760113356581,39.69277901425792,False
0.15647570068129135,0.39557009578744873,25.21134587237543,False
0.2002102287765496,0.4474485766840136,29.910556793953518,False
0.422317228382071,0.649859391239421,51.3334093525011,False
0.11614742859283489,0.3408040912207993,20.601009364402064,False
0.2402682649869906,0.49017166889467473,34.02296265500643,False
0.08952519982693796,0.2992076199346166,17.33981678700094,False
0.17011910412736242,0.41245497224225874,26.7053451373321,False
0.4166167843542774,0.645458584538371,50.815350442791484,False
0.08438584324696297,0.29049241512811136,16.682847199942234,False
0.15635547953676532,0.39541810724442716,25.198053061983007,False
0.20740694666711246,0.45541952820131953,30.66119792807953,False
0.06921815379377638,0.26309343168117366,14.676826494873529,False
0.1898056042284153,0.43566685004532457,28.815010255517905,False
0.17883942505200312,0.4228941061920858,27.646129750803617,False
0.17669005846789176,0.4203451658671618,27.415210142759978,False
0.2174148077488487,0.4662776080285742,31.69599278607389,False
0.4473894795159148,0.6688717960236586,53.59824061190124,False
0.14485523575777592,0.3805985230630512,23.915255067988607,False
0.44977805997789533,0.6706549485226329,53.81288153957904,False
0.1938114186212676,0.440240182878923,29.238292432432978,False
0.08851130472111346,0.29750849520831074,17.211018091599236,False
0.12946416562377705,0.3598112916846511,22.160301604812666,False
0.18860483867709754,0.4342865858820619,28.68775375590833,False
0.6027313402429602,0.7763577398615668,67.21819000904028,True
0.09017843925098323,0.30029725148756065,17.42259641456142,False
0.14827906983250028,0.38507021415905474,24.29955275631221,False
0.15133689478180712,0.3890204297743335,24.64103087788177,False
0.24817571921200388,0.49817237901353373,34.81743831326158,False
0.09796779694047353,0.3129980781737701,18.397990943379217,False
0.02263706305121682,0.15045618316046974,7.3764711094918,False
0.24145025985706325,0.4913758844887112,34.14205097097224,False
0.33603041486393237,0.5796813045665112,43.34907707449639,False
0.2210529715516587,0.4701627075297005,32.069686594287546,False
0.09705965341145217,0.31154398310905024,18.285338529049138,False
0.09930597480703562,0.3151285052276858,18.563498697529567,False
0.13371731030427014,0.36567377579513427,22.64998965006158,False
0.25508881790906857,0.50506318209613,35.50785635838931,False
0.1482238912608871,0.38499856007638145,24.293375878708485,False
0.31120887932281716,0.5578609856611386,40.98697218581457,False
0.103035449721959,0.32099135459067896,19.0217811669447,False
0.2819236636752347,0.5309648422214363,38.15401350937153,False
0.12038127423463263,0.3469600470293844,21.101278335253333,False
0.1849222030370884,0.4300258167099836,28.296364850624645,False
0.0695864519604843,0.26379244106017197,14.726884760035935,False
0.18342702918472398,0.4282838184950769,28.136974490886512,False
0.5640295951519969,0.7510190378092935,63.88253722149155,True
0.3318888114088414,0.5760979182472727,42.95724541442139,False
0.2558501109976625,0.5058162818629532,35.58365793437788,False
0.1758753665284497,0.41937497127087797,27.327520842542103,False
0.1963294822717857,0.4430908284672407,29.50340207499677,False
0.07901457019466396,0.2810953044692564,15.984686390450095,False
0.04479779066457301,0.21165488575644317,11.154062870132108,False
0.25280309480673535,0.5027952812096941,35.27999693679188,False
0.25896019725312525,0.5088813194185117,35.89286461192798,False
0.6219822148146983,0.7886584906121903,68.86527251336952,True
0.10394436741889324,0.32240404373843273,19.132823794670905,False
0.2216931039333383,0.4708429716299674,32.135305101198995,False
0.05373140046826208,0.2318003461349057,12.495897873491952,False
0.27589851407142574,0.5252604250002333,37.56432784429487,False
0.03712661884399304,0.19268268952864717,9.93490471178547,False
0.1739442406223377,0.4170662304986316,27.11930365728553,False
0.08989063731878177,0.2998176734596908,17.38614517751454,False
0.27303223595202986,0.5225248663480331,37.282928811043114,False
0.1711511895560267,0.4137042295602339,26.81724055577096,False
0.37918877923614913,0.6157830618295287,47.38264922735009,False
0.3524645400683398,0.5936872409512771,44.895362042151476,False
0.13565234940372584,0.36831012666464363,22.8715460308093,False
0.43124853102388305,0.6566951583679318,52.14271819615026,False
0.03861724855440751,0.19651271855635072,10.17754365551848,False
0.15088027729677111,0.38843310530485314,24.59014085000039,False
0.07262336182312423,0.2694872201480512,15.136890515309503,False
0.2011468045080257,0.4484939291763331,30.008565437534862,False
0.11848815907412624,0.34422109039703863,20.87813316032912,False
0.36976501671387685,0.6080830672810064,46.509223694072865,False
0.29310613906250826,0.5413927770690224,39.24207942651139,False
0.6603155547453693,0.8125980277759535,72.1228543957603,True
0.013633980511397081,0.11676463724688688,5.488624320559301,False
0.15720085447124788,0.396485629589835,25.291476451868274,False
0.23992479701342773,0.4898211888163146,33.98833537345824,False
0.10510392109921307,0.32419734900090263,19.27412922598889,False
0.305596913948052,0.5528082072003382,40.448143124896646,False
0.3700876275049928,0.6083482781310331,46.53918877554089,False
0.6467755018935375,0.8042235397534304,70.97547170374948,True
0.12474192218800328,0.3531882248716728,21.612044326147107,False
0.3671302410805981,0.605912733882197,46.264323820123764,False
0.30724759079892605,0.5542991888853221,40.606823003348445,False
0.27861165252342635,0.5278367669302948,37.83016982861738,False
0.123462186143244,0.3513718630500228,21.462605690595556,False
0.08276466890460465,0.2876884928261898,16.47341984732387,False
0.2131454807757448,0.46167681420637185,31.25580141479956,False
0.25338841924706146,0.5033770150166389,35.33838575548924,False
0.19919392846689454,0.44631147023899637,29.80409451757353,False
0.06273392541310796,0.2504674138747553,13.782732079776691,False
0.004257195688383453,0.06524718912247066,2.8653193062018336,False
0.4859947918966093,0.6971332669559023,57.04501819203265,False
0.07760732703033524,0.27858091648627914,15.79967628127128,False
0.0540959491685028,0.23258535888680268,12.549171305582274,False
0.09777407536097227,0.31268846374782083,18.37398307157117,False
0.3427729741511939,0.585468166642042,43.98510511475332,False
0.5477116517809314,0.7400754365474721,62.46571656875477,True
0.035286845907105846,0.18784793293274707,9.631128071736233,False
0.545375427096805,0.7384953805521095,62.26234084789268,True
0.2588310843329721,0.5087544440424792,35.88004282167749,False
0.08395910541285578,0.2897569764696888,16.627825383558896,False
0.06800446491359924,0.2607766571486015,14.511334180760013,False
0.23927270961699254,0.489155097711342,33.92256648547324,False
0.14922599627142152,0.38629780774866107,24.405472086231736,False
0.3012205035262542,0.5488355887934512,40.026653763313305,False
0.2988732405494071,0.5466930039331097,39.800114590288814,False
0.06418531777885017,0.25334821447732797,13.98504764582413,False
0.39826520075687966,0.631082562551747,49.13921454748266,False
0.13354935681282687,0.3654440542857783,22.630723580200744,False
0.13025714056732418,0.3609115411944098,22.251890081815844,False
0.13285287512510158,0.3644898834331367,22.55076784483156,False
0.26234236113048026,0.5121936754104645,36.22828868424739,False
0.07050565635815242,0.265529012272016,14.851499872369784,False
0.3109289819362556,0.5576100626210538,40.9601414210175,False
0.18528525623177639,0.4304477392573649,28.33502494420118,False
0.21765915911182188,0.46653955792818025,31.721131863836526,False
0.13536313581803683,0.3679172948069129,22.838479941358724,False
0.374892920827434,0.6122849996753423,46.98497523665973,False
0.34065701987835295,0.5836583074696641,43.785753491487746,False
0.13114771630605304,0.3621432262324577,22.35459202766149,False
0.17526372717987249,0.4186451088689231,27.261627985549275,False
0.16537806395063837,0.4066670185183922,26.189364577773986,False
0.15326929928223054,0.391496231504507,24.85600721711411,False
0.13347666758718568,0.36534458746118803,22.622383553678663,False
0.24444056361201338,0.49440930777243,34.442806127618006,False
0.08432105665013834,0.2903808820327852,16.67449868031971,False
0.05947168692696336,0.24386817530576507,13.323028227848404,False
0.24908481049612985,0.4990839713877113,34.90844748527625,False
0.07275975561142434,0.2697401631411688,15.155191862332213,False
0.15064961286473633,0.3881360751910808,24.564419779527412,False
0.16516010215583554,0.4063989445801201,26.165563912554934,False
0.1945453082745543,0.44107290584953673,29.315634730454725,False
0.21215553953707,0.4606034515036443,31.15347043236997,False
0.43735354994649445,0.6613271126655057,52.69429750340989,False
0.06375876412759751,0.25250497842141156,13.925724984512314,False
0.1514211232341225,0.3891286718222168,24.65041426693602,False
0.5402257036998123,0.7350004787071994,61.813561370276716,True
0.24028587165608362,0.49018962826245477,34.02473742986321,False
0.2838789987112982,0.5328029642478523,38.34485849259198,False
0.4289215340233208,0.6549210135759279,51.93213258443636,False
0.49151596446403256,0.7010819955354956,57.53423768926178,False
0.1580413043814951,0.39754409111631267,25.384241907542215,False
0.09389890156428293,0.30642927661090563,17.891105158293204,False
0.3141383171606038,0.5604804342353119,41.26751639904871,False
0.14561582091107317,0.38159641103012637,24.00080569586945,False
0.42800875634322344,0.6542237815481974,51.84947664252131,False
0.29806853554296364,0.545956532649774,39.72237343856877,False
0.0850225946209342,0.29158634162274166,16.76480934216572,False
0.42545876064725396,0.6522719989753155,51.61840559784785,False
0.1517272290322449,0.38952179532375963,24.684505554885078,False
0.17159148183151418,0.4142360218903158,26.864929785503485,False
0.2647840224549489,0.514571688353478,36.469908881436055,False
0.18605213824141342,0.43133761514782526,28.416632900397815,False
0.10234829503480691,0.31991920079108555,18.937665733731833,False
0.4156401415440768,0.6447015910823214,50.72647213593746,False
0.14492906259434424,0.38069549852125156,23.923563696510715,False
0.28147447602141973,0.5305416817003351,38.110135829298585,False
0.36987055292237947,0.6081698388792225,46.51902673051167,False
0.19813756931645388,0.44512646440809817,29.69331273531116,False
0.27283652261603064,0.5223375561990834,37.26369360492517,False
0.06638169230546054,0.25764644826867017,14.288759469074442,False
0.4624301630357126,0.6800221783410543,54.94669691578493,False
0.43968935400659015,0.6630907584988575,52.904991580349716,False
0.24207676264261813,0.49201296999430627,34.20512455832934,False
0.3028598735643696,0.5503270605416106,40.1846748355266,False
0.42861993728417036,0.6546907188010003,51.90482498909024,False
0.12741074909713979,0.3569464232866605,21.92250187729481,False
0.2685889150539449,0.5182556464274605,36.84556076033511,False
0.1878370690631086,0.43340174095532724,28.606293781999607,False
0.3465359619557653,0.5886730518341784,44.33907979071306,False
0.01594751851040843,0.12628348470963427,6.008190499009877,False
0.011145164109673145,0.10557065932195908,4.891536219458752,False
0.2357163820079342,0.48550631510613146,33.563235524721314,False
0.18567183199528647,0.43089654442254055,28.376171696618812,False
0.45628290598801813,0.6754871619712829,54.39646083813241,False
0.15371010967558973,0.3920588089503789,24.904958938550543,False
0.465109578752795,0.6819894271561657,55.186151811414334,False
0.396460457018009,0.6296510597291242,48.97366981024551,False
0.429360012181887,0.6552556845857097,51.97182811434161,False
0.045843193858003395,0.21411023763006615,11.31500113668285,False
0.31820072329924365,0.5640928321643909,41.65575668453025,False
0.12361430748714253,0.3515882641487661,21.480389015179195,False
0.07473021387539203,0.2733682751809215,15.418543839760382,False
0.2586158626196845,0.5085428817903997,35.85866702879706,False
0.22995430513375836,0.47953550977352905,32.97867869896666,False
0.5147061943334812,0.7174302714086445,59.57958251635465,False
0.09142082289664877,0.30235876520558946,17.579599982022508,False
0.4009376040696284,0.6331963392737109,49.384109815126145,False
0.12278611455450772,0.35040849669279955,21.383506740982444,False
0.5499601723754904,0.7415929964444719,62.661330200308306,True
0.20748882980115313,0.455509417906099,30.669706504313147,False
0.2833054596290955,0.5322644639923799,38.288906137440925,False
0.23464516984935702,0.48440186813157216,33.45478491622431,False
0.07124169636794786,0.266911401719649,14.950957850862833,False
0.2844181093332614,0.533308643595115,38.39743230380029,False
0.06558493044094327,0.2560955494360323,14.178917803897889,False
0.2502388722136635,0.5002388151809728,35.02388494005872,False
0.08864549625263196,0.2977339353393092,17.22808718873029,False
0.12281198769416735,0.3504454132873868,21.386535793145512,False
0.24474921333477573,0.4947213491802994,34.47380676729852,False
0.18816462396471567,0.43377946466461004,28.641056024467343,False
0.19492488801475383,0.4415029875490695,29.355612782848013,False
0.23859640663775372,0.4884633114551734,33.85431685647215,False
0.3490096650918656,0.5907703996408974,44.57139589114784,False
0.09014776600184726,0.30024617566564815,17.41871298673676,False
0.22639087639033184,0.47580550269026084,32.61567269103035,False
0.07612167972978257,0.27590157616400557,15.603363830347178,False
0.15568109969175725,0.3945644430150254,25.123443702106453,False
0.407773381236616,0.6385713595492801,50.00925725616816,False
0.13652968223124684,0.3694992317058952,22.97175020211062,False
0.12658872697072354,0.35579309573222967,21.8270474475326,False
0.15228400537330022,0.39023583302062387,24.74647364322297,False
0.2045584547224406,0.45228138887471436,30.364762838335015,False
0.20982343002186377,0.45806487534176177,30.9120008149823,False
0.10324671019327458,0.3213202610998481,19.0476130555904,False
0.33097370937628523,0.5753031456339216,42.87054838793398,False
0.509079948838145,0.7134983874110333,59.08473242673003,False
0.057973461016272876,0.24077678670559768,13.10947912920028,False
0.08592211455194476,0.29312474230597585,16.88031656535572,False
0.10496047537066777,0.32397604135285646,19.256670176354323,False
0.25672538572028103,0.5066807532562106,35.67075327346528,False
0.10295617512171695,0.32086784681815184,19.012084380029094,False
0.09886582667674781,0.31442936675308786,18.509124270728382,False
0.1329554887679978,0.36463061962484417,22.562554111073634,False
0.08587933349585897,0.29305175907313535,16.874830372676954,False
0.18213858994612442,0.4267769791660797,27.99939456341065,False
0.3503962540148581,0.5919427793417689,44.70148641456224,False
0.3199129188295956,0.5656084501044831,41.819113133955064,False
0.14051182009384133,0.3748490630825177,23.424671728931187,False
0.08500520354805763,0.2915565186169872,16.762572957562945,False
0.08025988626239211,0.28330175831150806,16.14766350820385,False
0.18192165840790142,0.42652275250905597,27.97620960483632,False
0.4198661007748078,0.6479707561108046,51.11079629092066,False
0.454881809605752,0.6744492639226112,54.27087913324956,False
0.19981963732284902,0.44701189841306127,29.86965417589339,False
0.1662351318862073,0.4077194278989012,26.28288502912849,False
0.36137200912271306,0.6011422536494279,45.7280106933399,False
0.2059888581655075,0.45385995435322063,30.513729664059277,False
0.1587946031176224,0.3984904053018371,25.467292399130827,False
0.028846874047920412,0.16984367532504827,8.524559455877156,False
0.18577886337010885,0.43102072266900215,28.387560708966618,False
0.3256217016625126,0.5706327204625692,42.36261091825352,False
0.15807031916574932,0.39758058197772855,25.3874424290541,False
0.26268231897844163,0.5125254325186621,36.26195643945298,False
0.3236881823400575,0.5689360090028205,42.17873130051627,False
0.11079543264684333,0.3328594788297959,19.962105112002433,False
0.32431466815613974,0.5694863195513478,42.23833287142229,False
0.09482927403736097,0.3079436215240721,18.007501303204542,False
0.061698970511020135,0.24839277467555318,13.637649217683338,False
0.15092434377212594,0.3884898245412947,24.595053607979345,False
0.12009939562838712,0.34655359705013467,21.068107619708616,False
0.41005777723269055,0.6403575385928478,50.217768177675346,False
0.597365871447389,0.7728944762691664,66.75773133761,True
0.24900665630529628,0.49900566760839127,34.90062608265343,False
0.196981765735456,0.4438262787797226,29.571957095316264,False
0.21914104737037843,0.46812503390694504,31.87346419850051,False
0.22119298071300475,0.47031157833185944,32.084041976054664,False
0.16698232279597058,0.40863470581433803,26.364327600331755,False
0.3923612560357138,0.6263874647817546,48.597173953413005,False
0.13358808123330623,0.36549703313885634,22.63516619955263,False
0.07637118803042864,0.27635337528322074,15.636406293154547,False
0.11971998328815203,0.3460057561488711,21.023429243243964,False
0.13736248870995382,0.37062445778706216,23.066727634079715,False
0.1283640129807586,0.35827923883579776,22.033010332277424,False
0.28981289748788264,0.5383427323628347,38.922483143786344,False
0.3279866218765455,0.5727011628035563,42.58724382473498,False
0.25415668221818544,0.5041395463740029,35.41498278805124,False
0.09888223146742614,0.31445545227810273,18.51115197916968,False
0.20244571766741148,0.44993968225464565,30.144330350230515,False
0.009429193775865707,0.09710403583716645,4.449913060038601,False
0.07209532626231674,0.26850572854655586,15.065948717601238,False
0.12310254837960932,0.35085972749748484,21.42054200267595,False
0.11225953366486219,0.3350515388188244,20.137633572644706,False
0.01575990748882361,0.12553847015486372,5.967133255523965,False
0.49669940572432547,0.7047690442438044,57.9927261132117,False
0.2967758140387198,0.5447713410585397,39.59740248466478,False
0.1677347195215395,0.40955429374081714,26.44625492092506,False
0.252781805920154,0.5027741102325716,35.277872764512104,False
0.061599522250977756,0.2481925104651181,13.623671753663388,False
0.21763687870953818,0.4665156789535998,31.71883988071629,False
0.37964006809826334,0.6161493878096962,47.42437959828365,False
0.15866901290068336,0.39833279164623564,25.453452439890427,False
0.15856084740110654,0.3981969957208449,25.441530672900186,False
0.30432292074679324,0.55165471152415,40.32556370577359,False
0.1055348134124443,0.3248612217739204,19.326537675703477,False
0.4063292170228564,0.6374395791154299,49.87733618598858,False
0.052139694207113396,0.22834117939415438,12.26202882819298,False
0.2740491213910047,0.5234970118262421,37.38282775650996,False
0.28173197649447623,0.5307843031726506,38.1352907165746,False
0.10568600573328213,0.32509384142625974,19.34491400104732,False
0.3497460462338645,0.5913933092569315,44.640495144309135,False
0.12323120379526475,0.35104302271269366,21.43559313622363,False
0.14761237459999288,0.3842035588070377,24.224884828281084,False
0.16554518419746744,0.4068724421701075,26.20760873865235,False
0.14595487315793398,0.38204040775542836,24.038908699693174,False
0.4250344636475042,0.651946672395453,51.579934714668376,False
0.24404062919113578,0.4940046853939098,34.402625167224535,False
0.024135481990758212,0.15535598472784437,7.662368308559267,False
0.23139127070076904,0.4810314653957359,33.12473485787558,False
0.3376136784435648,0.5810453325202474,43.49863400742379,False
0.01967231322052898,0.14025802372958554,6.790659742415162,False
0.15662619812936018,0.39576027861492136,25.22798303235847,False
0.20929930038880118,0.4574924047334569,30.857654212666347,False
0.0723976002142368,0.2690680215377457,15.106576874364036,False
0.013179171924216693,0.11480057458138741,5.382773298708498,False
0.2731667454484692,0.5226535615955077,37.296147190728455,False
0.4021259743279001,0.6341340349862166,49.49291985912267,False
0.20108349270640924,0.4484233409473789,30.00194320027971,False
0.2320456450631545,0.48171116352348997,33.19118524472887,False
0.15420888705486546,0.3926943939692359,24.960308982061363,False
0.03888671533217858,0.19719714838754282,10.221088855432429,False
0.16031001739265216,0.4003873342060812,25.634094411802376,False
0.11264993247835198,0.3356336283484597,20.18434108263951,False
0.279400657131872,0.5285836330533438,37.90738475004607,False
0.15219983368769718,0.3901279709117217,24.7371088577307,False
0.17216016502261444,0.4149218782163872,26.926485030012355,False
0.11116364571349291,0.33341212592449737,20.00630377978947,False
0.37826520052478896,0.6150326824850765,47.29721933089039,False
0.278266744805734,0.5275099475893644,37.796402591918614,False
0.38961987489775407,0.6241953819900897,48.34500777346883,False
0.2282738802432297,0.47778015890493997,32.80763917079138,False
0.4621260524567554,0.6797985381396134,54.91950467298987,False
0.31190835537717754,0.5584875606288626,41.05400374778516,False
0.36105867379259005,0.6008815805069998,45.6987836478354,False
0.16543574783069837,0.4067379350769957,26.195662272921727,False
0.09699555868165033,0.3114410998594282,18.277377515276147,False
0.10898983212966884,0.33013608122964816,19.744833176966058,False
0.16995261564375597,0.4122530965847994,26.687280802017337,False
0.41267433982518775,0.642397337965521,50.4563539081321,False
0.15649447340583234,0.39559382377109015,25.213421355193542,False
0.08196675031619793,0.286298358912862,16.369939375486357,False
0.11243973387762751,0.33532034515911424,20.15919783902222,False
0.3231809333423026,0.5684900468278249,42.13045787365115,False
0.14938124225169225,0.38649869631305644,24.422822387623793,False
0.045486759814011735,0.2132762523442583,11.260255682611035,False
0.03637679959471585,0.19072702900930388,9.811689136055108,False
0.11693174321110478,0.3419528377000325,20.694018100667584,False
0.07076588752206026,0.2660185849185358,14.886696648065048,False
0.2868467161724886,0.5355807279696391,38.63403208913488,False
0.27368909050296675,0.5231530278063644,37.347466542432585,False
0.05685036089858431,0.23843313716550454,12.94834714053524,False
0.43348001743703046,0.6583919937522255,52.34448079631085,False
0.2801381532577434,0.529280788672462,37.97952074236308,False
0.2725383017512597,0.5220520105806122,37.23437852830007,False
0.07262928954611858,0.26949821807596164,15.13768609580558,False
0.3039529098220156,0.5513192449225908,40.28994438622457,False
0.15880476427475954,0.3985031546609883,25.468412042925102,False
0.16957200263279337,0.41179121242784356,26.645968655081347,False
0.24565199484061662,0.495632923483314,34.56443662976956,False
0.28620451149837733,0.5349808515249657,38.57150475090126,False
0.2517207417761518,0.501717790970334,35.17195614538247,False
0.05653638552257845,0.23777381168366388,12.903135598701262,False
0.08666078758410667,0.2943820435830057,16.97492899836663,False
0.5046685628067851,0.7104002835069713,58.69612510868596,False
0.15889855662140184,0.39862081809835503,25.47874612121831,False
0.09717702859018928,0.3117323027698434,18.299913826205092,False
0.08904044273483502,0.2983964522825883,17.278284655393634,False
0.4219922591502697,0.6496093127028504,51.3039080571302,False
0.23956327067733252,0.48945201059688426,33.951876664515325,False
0.15498235704747088,0.39367798649082586,25.046060882481285,False
0.18253897771109373,0.4272458047905137,28.042170854286177,False
0.4513504174286008,0.6718261809639461,53.95407228427389,False
0.17651353321037222,0.42013513684334025,27.396217466355942,False
0.040146156360186036,0.20036505773259478,10.423371690914953,False
0.31130878352877234,0.5579505206815137,40.99654783898689,False
0.17122445577169787,0.41379276911480445,26.82517811089405,False
0.04111853748616057,0.20277706351104052,10.578194789611256,False
0.07759839161408111,0.27856487864424173,15.798498642614536,False
0.3247071961984346,0.5698308487599058,42.2756657223023,False
0.40479246742190655,0.6362330291818451,49.736869212588196,False
0.40699802227855997,0.6379639662853694,49.93843998812838,False
0.14301926792850594,0.37817888350422996,23.708311415879557,False
0.24779915499411798,0.4977942898367939,34.779720893118835,False
0.2583838019530901,0.5083146682450645,35.83561484698799,False
0.10686832028552595,0.32690720439526255,19.48838739294206,False
0.29214597874480774,0.5405052994604287,39.14897070310561,False
0.28960680977566955,0.538151288928745,38.90246014368998,False
0.2523247364944322,0.5023193570771808,35.232258472753166,False
0.10382575856401866,0.32222004680655525,19.11834738610333,False
0.4663842067547683,0.6829232802846659,55.29998361667273,False
0.09611249121542154,0.31002014646700227,18.167555331605385,False
0.5994030583459511,0.7742112491729574,66.93263346767536,True
0.024452940940804746,0.15637436152005466,7.72215091725047,False
0.09323681583407872,0.3053470416330879,17.80809061536824,False
0.30729892294385397,0.5543454905957601,40.61175500046164,False
0.39703450701685816,0.6301067425578448,49.02634012332528,False
0.2560089423221358,0.5059732624577467,35.59946703763801,False
0.2705733206097942,0.5201666277355692,37.04106434601042,False
0.08965904259219659,0.299431198428281,17.356790492663034,False
0.4100157401334348,0.6403247146045784,50.21393299218923,False
0.23132963880791246,0.48096739890341056,33.118474284611175,False
0.09211639051615494,0.30350682120202,17.667256279050097,False
0.09252093021256536,0.304172533626173,17.718157157800842,False
0.48185755123846974,0.6941596006960286,56.67783710214933,False
0.05062600060166089,0.22500222354825938,12.03764897803003,False
0.007112933278375699,0.08433820770194075,3.8003043047801723,False
0.3157249423747941,0.561894066862068,41.41925921697037,False
0.16971731764287412,0.4119676172260074,26.661743747612743,False
0.0421370322971536,0.2052730676371199,10.739144643314011,False
0.3798389503548476,0.6163107579418419,47.44276733896453,False
0.020254866294852847,0.14231959209768993,6.908075661598769,False
0.20298645438900076,0.4505401806598394,30.200794489733624,False
0.2581045558781423,0.5080399156347287,35.80786997807769,False
0.034374571394025444,0.18540380630943218,9.478626536018814,False
0.022911083687086387,0.15136407660698883,7.429228085504737,False
0.269427709473683,0.5190642633370969,36.92823310190486,False
0.12161369943521105,0.34873155784243426,21.246084279810034,False
0.37565443260398645,0.6129065447553864,47.055527746454636,False
0.2668632235309597,0.516588059802934,36.67531580397494,False
0.2419367402843704,0.4918706540182799,34.19103057779342,False
0.34145974917941,0.5843455734233041,43.86140788769677,False
0.2683564611338215,0.5180313321931613,36.822640955755745,False
0.498863245282699,0.7063025168316328,58.183895390227256,False
0.5163606916046555,0.7185824181015393,59.7249382203409,False
0.09374201737820664,0.3061731820035952,17.87144832283621,False
0.3723261060624731,0.6101853046923312,46.74697855144163,False
0.12118386394307368,0.34811472813294425,21.19562096190219,False
0.2990479986017147,0.5468528125571951,39.81699241839068,False
0.4213946081635048,0.6491491416951153,51.24964215761489,False
0.1636811037278313,0.4045752139316388,26.003874780935433,False
0.18046514180414985,0.4248118899044021,27.820384104425077,False
0.06037186924015081,0.24570687666435145,13.450587220983106,False
0.2851982818963392,0.534039588323131,38.4734804467056,False
0.20279875712783846,0.4503318300185303,30.181198628411522,False
0.35695581922121045,0.5974577970210201,45.31566103411343,False
0.26946814723627655,0.5191032144345443,36.93221741155837,False
0.6674264997115924,0.8169617492340706,72.72405995205837,True
0.4397963855891345,0.6631714601738636,52.91464154230261,False
0.4387970071952052,0.662417547469272,52.82452233048319,False
0.12480983431642723,0.3532843533422153,21.619964192674246,False
0.23143857907917986,0.48108063677431445,33.129540215723374,False
0.041793868750152785,0.20443548799108432,10.68505164465254,False
0.3310569391784701,0.5753754766919339,42.878435418385564,False
0.20228364272033617,0.4497595387763734,30.127400114275105,False
0.33815964201564197,0.5815149542493657,43.55017669091315,False
0.12186284217765597,0.34908858786510905,21.27531404526372,False
0.279496105910371,0.5286739126440523,37.916722860384354,False
0.5445661272906945,0.7379472388258489,62.191857190475616,True
0.0663646362458239,0.25761334640469213,14.28641203093712,False
0.1213082592117416,0.34829335223593,21.210229642141698,False
0.32808820088437574,0.5727898400673459,42.59688565575638,False
0.14599485016744485,0.3820927245675385,24.04339999274823,False
0.11905063520886738,0.34503715047639055,20.944524131587666,False
0.07721861863680779,0.2778823827391866,15.748412427775932,False
0.11106191908009722,0.3332595371179904,19.994096629525448,False
0.2320742281121444,0.48174083085425135,33.19408692089872,False
0.10375149667022143,0.32210479144250775,19.109281457913596,False
0.41194891625579444,0.6418324674366314,50.390233672812926,False
0.28166909474152513,0.5307250651151924,38.1291482890992,False
0.38386523316628074,0.6195685863294561,47.81465744315509,False
0.052749507981274535,0.22967261042900727,12.351874896036763,False
0.3992230493748963,0.6318410000743038,49.22702296546593,False
0.33914022689141765,0.5823574734571693,43.64271255177184,False
0.4900191585007646,0.700013684509642,57.40169689043155,False
0.13817855899978337,0.37172376706337107,23.159664222521844,False
0.17894082448538207,0.42301397670216767,27.65700853720963,False
0.28425581936795463,0.5331564679978614,38.381607881991734,False
0.3956989727061324,0.6290460815442159,48.903781624136585,False
0.14229277769146664,0.37721714925420163,23.626252631656065,False
0.07122041417260572,0.2668715312141887,14.948086098923891,False
0.16057578360094815,0.40071908315046356,25.663310342075434,False
0.3497935885765162,0.5914335030893297,44.64495543816416,False
0.29606487467575615,0.5441184380957478,39.52863000437528,False
0.3364813814968842,0.5800701522203019,43.39168897862513,False
0.3272700366694983,0.5720752019354608,42.51921027758833,False
0.1967814303654658,0.4436005301681523,29.550907028654038,False
0.39033890562719353,0.6247710825792064,48.41117764079987,False
0.12685601079251074,0.356168514600197,21.858101231558525,False
0.026826673514291577,0.1637885023873519,8.161140506351572,False
0.03710750859761769,0.1926330932047183,9.931774244045794,False
0.18988958783145415,0.4357632245055268,28.823904250108324,False
0.048185874146132845,0.2195128108929701,11.671664884486775,False
0.20308987369277332,0.45065493860910183,30.211589965930475,False
0.14330816524792844,0.37856064936536715,23.740915889490395,False
0.08699821714448441,0.2949546018364257,17.018077102126096,False
0.30945478612867017,0.5562866043045349,40.8187513399016,False
0.07522692994161506,0.2742752813171742,15.484627049183871,False
0.16774986194662633,0.40957277979209794,26.447902908481495,False
0.18558436529169586,0.43079503861081764,28.366863461934454,False
0.14249718694156732,0.37748799575823244,23.649351046823337,False
0.07813855275213732,0.2795327400361849,15.869622766575636,False
0.4185243302858316,0.6469345641452708,50.98884238296073,False
0.012033316819846096,0.10969647587705858,5.10985804427311,False
0.33358492985636234,0.5775681170704996,43.11782047420173,False
0.4826538122878228,0.6947329071577241,56.74854502357833,False
0.30241801462240636,0.5499254627878276,40.14209938885749,False
0.16556090111747812,0.40689175602053934,26.20932430787026,False
0.05139406423065873,0.22670258981903743,12.151747446601021,False
0.61228636310603,0.7824872926163274,68.0366734910149,True
0.14651537601246478,0.3827732697204244,24.101853349564866,False
0.3542781108333496,0.5952126601756297,45.065193057026164,False
0.2669618193949326,0.5166834808612838,36.68504839814731,False
0.16971817137812273,0.4119686533926128,26.661836418391875,False
0.17286307970958414,0.4157680599920876,27.002507182258555,False
0.05044437056554252,0.22459824257002217,12.010591936733437,False
0.2833157917285094,0.5322741696987647,38.289914291661155,False
0.4508795128666724,0.6714756234344419,53.91179570937802,False
0.2423635406878455,0.4923043171533696,34.23398512740551,False
0.16296226113535128,0.40368584460611356,25.92516945236562,False
0.15714970807103446,0.39642112465285506,25.285827470376272,False
0.24235373146866956,0.4922943544960368,34.232998067961645,False
0.08970946948887781,0.29951539107177416,17.363183812203637,False
0.11689968181890154,0.3419059546408947,20.69021909476988,False
0.11125390594788898,0.3335474568152019,20.017132629481416,False
0.30960919749527205,0.5564253745968745,40.8335668335913,False
0.20525875267793636,0.4530549113274641,30.437721613774748,False
0.25563323634633306,0.5056018555606111,35.56206840320443,False
0.1995244687247686,0.4466816189690019,29.838732882246187,False
0.12172090296111726,0.34888522892366375,21.258663334613587,False
0.3692343123175913,0.6076465356748043,46.45992016604765,False
0.0,0.0,0.0,False
0.06362098490838763,0.2522320061141877,13.906539339070767,False
0.09171081658252789,0.3028379378191046,17.616166507715857,False
0.9823058502048193,0.9911134396247583,98.58288859727949,True
1.0,1.0,100.0,True
0.9824508130570608,0.991186568238826,98.5945115129767,True
0.9824508130570608,0.991186568238826,98.5945115129767,True
0.9943681039910481,0.997180076009869,99.54928927985765,True
1.0,1.0,100.0,True
0.842653885013188,0.9179618102149937,87.27770550939103,True
1.0,1.0,100.0,True
0.9824508130570608,0.991186568238826,98.5945115129767,True
0.9069773214427734,0.9523535695542772,92.5127820687375,True
1.0,1.0,100.0,True
1.0,1.0,100.0,True
1.0,1.0,100.0,True
0.9943681039910481,0.997180076009869,99.54928927985765,True
1.0,1.0,100.0,True
1.0,1.0,100.0,True
1.0,1.0,100.0,True
1.0,1.0,100.0,True
1.0,1.0,100.0,True
0.8239103066701254,0.9076950515840247,85.74242046356852,True
0.9824508130570608,0.991186568238826,98.5945115129767,True
0.9824508130570608,0.991186568238826,98.5945115129767,True
0.8975710180863788,0.947402247245793,91.75035097501446,True
1.0,1.0,100.0,True
1.0,1.0,100.0,True
1.0,1.0,100.0,True
1.0,1.0,100.0,True
1.0,1.0,100.0,True
0.9824508130570608,0.991186568238826,98.5945115129767,True
0.9069773214427734,0.9523535695542772,92.5127820687375,True
0.9069773214427734,0.9523535695542772,92.5127820687375,True
0.9069773214427734,0.9523535695542772,92.5127820687375,True
1.0,1.0,100.0,True
0.9069773214427734,0.9523535695542772,92.5127820687375,True
0.9943681039910481,0.997180076009869,99.54928927985765,True
1.0,1.0,100.0,True
1.0,1.0,100.0,True
1.0,1.0,100.0,True
0.9824508130570608,0.991186568238826,98.5945115129767,True
1.0,1.0,100.0,True
0.9676798255251945,0.9837071848498385,97.40907692550522,True
1.0,1.0,100.0,True
1.0,1.0,100.0,True
1.0,1.0,100.0,True
0.9069773214427734,0.9523535695542772,92.5127820687375,True
1.0,1.0,100.0,True
1.0,1.0,100.0,True
1.0,1.0,100.0,True
1.0,1.0,100.0,True
1.0,1.0,100.0,True
1.0,1.0,100.0,True
1.0,1.0,100.0,True
1.0,1.0,100.0,True
1.0,1.0,100.0,True
1.0,1.0,100.0,True
0.9844037773071502,0.9921712439428741,98.75107639614397,True
1.0,1.0,100.0,True
1.0,1.0,100.0,True
1.0,1.0,100.0,True
0.9824508130570608,0.991186568238826,98.5945115129767,True
0.9824508130570608,0.991186568238826,98.5945115129767,True
1.0,1.0,100.0,True
1.0,1.0,100.0,True
1.0,1.0,100.0,True
1.0,1.0,100.0,True
0.842653885013188,0.9179618102149937,87.27770550939103,True
1.0,1.0,100.0,True
1.0,1.0,100.0,True
1.0,1.0,100.0,True
0.9824508130570608,0.991186568238826,98.5945115129767,True
1.0,1.0,100.0,True
0.9943681039910481,0.997180076009869,99.54928927985765,True
1.0,1.0,100.0,True
0.9069773214427734,0.9523535695542772,92.5127820687375,True
0.9887514292308988,0.9943598087367062,99.09947810332217,True
0.9069773214427734,0.9523535695542772,92.5127820687375,True
0.9824508130570608,0.991186568238826,98.5945115129767,True
1.0,1.0,100.0,True
0.9768663469971558,0.9883654926175619,98.14660052453182,True
1.0,1.0,100.0,True
1.0,1.0,100.0,True
1.0,1.0,100.0,True
1.0,1.0,100.0,True
0.9029405929550058,0.9502318627340413,92.18571008666201,True
0.9957746493917999,0.9978850882700873,99.6618824943115,True
1.0,1.0,100.0,True
1.0,1.0,100.0,True
1.0,1.0,100.0,True
1.0,1.0,100.0,True
1.0,1.0,100.0,True
1.0,1.0,100.0,True
1.0,1.0,100.0,True
1.0,1.0,100.0,True
1.0,1.0,100.0,True
0.9069773214427734,0.9523535695542772,92.5127820687375,True
0.9768663469971558,0.9883654926175619,98.14660052453182,True
1.0,1.0,100.0,True
1.0,1.0,100.0,True
1.0,1.0,100.0,True
1.0,1.0,100.0,True
0.9824508130570608,0.991186568238826,98.5945115129767,True
0.9824508130570608,0.991186568238826,98.5945115129767,True
1.0,1.0,100.0,True
0.9824508130570608,0.991186568238826,98.5945115129767,True
1.0,1.0,100.0,True
1.0,1.0,100.0,True
0.9732393960134448,0.986528963595821,97.85552230463954,True
1.0,1.0,100.0,True
1.0,1.0,100.0,True
0.9824508130570608,0.991186568238826,98.5945115129767,True
1.0,1.0,100.0,True
1.0,1.0,100.0,True
1.0,1.0,100.0,True
1.0,1.0,100.0,True
0.9015968365629241,0.9495245318383955,92.07679146731125,True
0.9621352808125454,0.9808849477958898,96.96351476058831,True
1.0,1.0,100.0,True
1.0,1.0,100.0,True
0.9069773214427734,0.9523535695542772,92.5127820687375,True
0.9824508130570608,0.991186568238826,98.5945115129767,True
1.0,1.0,100.0,True
0.9824508130570608,0.991186568238826,98.5945115129767,True
0.9732393960134448,0.986528963595821,97.85552230463954,True
1.0,1.0,100.0,True
0.9069773214427734,0.9523535695542772,92.5127820687375,True
1.0,1.0,100.0,True
0.842653885013188,0.9179618102149937,87.27770550939103,True
0.9957746493917999,0.9978850882700873,99.6618824943115,True
1.0,1.0,100.0,True
0.9069773214427734,0.9523535695542772,92.5127820687375,True
1.0,1.0,100.0,True
1.0,1.0,100.0,True
0.9957746493917999,0.9978850882700873,99.6618824943115,True
0.9824508130570608,0.991186568238826,98.5945115129767,True
1.0,1.0,100.0,True
1.0,1.0,100.0,True
1.0,1.0,100.0,True
1.0,1.0,100.0,True
1.0,1.0,100.0,True
1.0,1.0,100.0,True
1.0,1.0,100.0,True
0.9824508130570608,0.991186568238826,98.5945115129767,True
1.0,1.0,100.0,True
1.0,1.0,100.0,True
0.9824508130570608,0.991186568238826,98.5945115129767,True
1.0,1.0,100.0,True
1.0,1.0,100.0,True
0.9824508130570608,0.991186568238826,98.5945115129767,True
1.0,1.0,100.0,True
1.0,1.0,100.0,True
0.9753281170868127,0.9875870174758337,98.02316772424211,True
0.9824508130570608,0.991186568238826,98.5945115129767,True
0.9069773214427734,0.9523535695542772,92.5127820687375,True
0.9824508130570608,0.991186568238826,98.5945115129767,True
1.0,1.0,100.0,True
1.0,1.0,100.0,True
1.0,1.0,100.0,True
1.0,1.0,100.0,True
1.0,1.0,100.0,True
1.0,1.0,100.0,True
1.0,1.0,100.0,True
1.0,1.0,100.0,True
0.9957746493917999,0.9978850882700873,99.6618824943115,True
0.9943681039910481,0.997180076009869,99.54928927985765,True
0.9069773214427734,0.9523535695542772,92.5127820687375,True
0.9957746493917999,0.9978850882700873,99.6618824943115,True
1.0,1.0,100.0,True
1.0,1.0,100.0,True
1.0,1.0,100.0,True
0.9824508130570608,0.991186568238826,98.5945115129767,True
1.0,1.0,100.0,True
1.0,1.0,100.0,True
0.9957746493917999,0.9978850882700873,99.6618824943115,True
1.0,1.0,100.0,True
1.0,1.0,100.0,True
1.0,1.0,100.0,True
0.9824508130570608,0.991186568238826,98.5945115129767,True
1.0,1.0,100.0,True
1.0,1.0,100.0,True
0.9844037773071502,0.9921712439428741,98.75107639614397,True
0.9943681039910481,0.997180076009869,99.54928927985765,True
1.0,1.0,100.0,True
1.0,1.0,100.0,True
1.0,1.0,100.0,True
1.0,1.0,100.0,True
1.0,1.0,100.0,True
0.9880504130798455,0.9940072500137238,99.04331478533967,True
0.842653885013188,0.9179618102149937,87.27770550939103,True
0.9957746493917999,0.9978850882700873,99.6618824943115,True
0.9824508130570608,0.991186568238826,98.5945115129767,True
1.0,1.0,100.0,True
1.0,1.0,100.0,True
1.0,1.0,100.0,True
1.0,1.0,100.0,True
0.9069773214427734,0.9523535695542772,92.5127820687375,True
1.0,1.0,100.0,True
1.0,1.0,100.0,True
1.0,1.0,100.0,True
1.0,1.0,100.0,True
1.0,1.0,100.0,True
