avg_time_gap,session_duration,num_actions,num_transfers,night_activity_ratio
2.14901424590337,306.26122513239534,9.83478733998824,0.0,0.07135409806985026
1.9585207096486446,278.52972294373734,12.530462616418195,0.0,0.032854089891185614
2.1943065614302077,306.11487515161417,10.359959746238204,0.0,0.10074388691799126
2.4569089569224074,327.1649014518194,11.18503466902184,1.0,0.1660405768691524
1.9297539875829992,302.4430035162852,17.02035627089561,1.0,0.13280244561352048
1.929758912915246,302.0295845601941,16.021383155371044,1.0,0.06767357318504318
2.4737638446522174,264.9004156096622,8.101256289217208,0.0,0.18710460455177147
2.230230418745873,266.85495412245257,14.489197253637524,0.0,0.18244151424983646
1.8591576842195143,229.86973641001532,14.434189663474776,0.0,0.041869679876819756
2.1627680130757896,387.478837159347,8.555210133742145,2.0,0.007883517024072596
1.8609746921562613,237.80683823043574,14.456332931264582,0.0,0.14826174167015246
1.860281073928923,265.3547401102046,16.61379575523766,1.0,0.16552205226983066
2.07258868146981,264.0796367215401,8.632365581266757,2.0,0.19357291319027106
1.4260159266026606,344.74621884722205,9.24749153695721,0.0,0.17796727881766217
1.48252465024609,285.2525160853986,15.052984400530507,1.0,0.12010695364128297
1.8313137412277083,362.3871036336867,12.814485932476945,0.0,0.10601046784247617
1.6961506638996728,266.3254687878066,13.65442882571857,0.0,0.0055682102525172585
2.094274199778582,313.9497081111901,13.02176764920149,0.0,0.04933128936895557
1.7275927773436368,258.2326473370121,13.172087762784432,0.0,0.09192295034658529
1.5763088895994126,407.2574563886694,8.020583615066752,0.0,0.12570078001671356
2.439694630676466,240.62007904852436,15.141953119864345,1.0,0.11145036666368213
1.9322671098540394,315.49103551135136,15.50876997728332,0.0,0.14852719793633812
2.020258461406377,331.6888440466049,11.311827767795917,0.0,0.05595338617740817
1.572575544135963,320.6899548725749,11.869569150558412,0.0,0.11299052153049466
1.8366851826424453,290.73561705611456,7.406677492332833,0.0,0.017628448678158427
2.0332767769129596,293.5089650133287,13.542764268053505,2.0,0.0827331047166414
1.6547019267733092,302.1905735989555,13.716172325142432,2.0,0.15003216659092022
2.1127094055037015,292.64989991857556,11.813426949002068,0.0,0.13868017068580882
1.8198083930243585,348.1939558397455,15.373060079611509,1.0,0.1981285474344358
1.912491875062017,410.52615007956757,10.997768307060179,0.0,0.055578225197551206
1.8194880163311808,272.1254107496083,13.6938177776808,0.0,0.09963785983479584
2.555683455352681,231.5098510210461,8.941006983923653,0.0,0.06590608275479935
1.9959508325786197,295.58589758243727,11.929343547377286,0.0,0.08812062281183496
1.68268672131323,428.98546688271597,11.476937226291492,0.0,0.17139002597387765
2.2467634736309567,259.81627160151345,12.675923766122825,0.0,0.13684181503769732
1.6337469050086932,381.9558402722034,10.891419213499924,2.0,0.17648823826951635
2.0626590785014267,383.885040703822,11.605582212984997,2.0,0.0407022216663773
1.4120989628360674,272.32058791460025,14.47814151432452,0.0,0.1746722235682876
1.6015441853304708,328.44915395926375,10.689707288285348,2.0,0.011952454835676885
2.059058370760737,381.4198311564269,7.180268697783962,0.0,0.1777198560874305
2.221539973998623,281.04361295062563,17.24875171261626,0.0,0.06581475589214558
2.051410484356991,289.8209819948819,16.14436223607146,1.0,0.0629175266828133
1.965305515283528,270.9159543025678,8.123211914683143,0.0,0.10241771533973279
1.9096688913232134,249.26216346535665,14.069123415735582,0.0,0.18813803754464636
1.5564434028897718,267.5361227466997,10.49107568834597,2.0,0.009556272936281075
1.7840467374815874,238.8029866618872,12.79046164599318,1.0,0.07044619501414906
1.8618083687120637,301.7041734129613,12.882672387040481,1.0,0.17131439773666715
2.317136667865675,261.5013384470679,11.296776599051034,2.0,0.07921089548709336
2.1030854868705386,311.6892955895374,9.648703003240811,1.0,0.0398313795194134
1.4710879533911798,222.20521768981865,9.928376843051222,1.0,0.08495883626628237
2.0972251908184383,316.54401161072286,9.251424253556273,1.0,0.07711050029833387
1.884475315875105,341.6764480804462,9.504533375308666,1.0,0.1830832402933407
1.7969233999082124,200.31321787142724,11.798465129851934,0.0,0.15238687514861943
2.1835028866522603,318.7028284923786,9.852720032667744,1.0,0.10102311114880128
2.3092998567487855,361.3834496236646,14.04615619713786,1.0,0.19767411334431423
2.2793840357348594,239.51794906543972,16.46173846600778,0.0,0.09305550625518466
1.7482347430332084,383.62861934188516,10.259840275889871,1.0,0.011647566164055045
1.9072362872446356,320.95095046830227,12.718213501606131,0.0,0.052454864362996984
2.099379029421069,264.7494072120796,13.499055330908801,1.0,0.08721409604386253
2.2926635381367078,297.2115461171147,13.416006812757823,0.0,0.03138052482922402
1.856247728646413,327.9163456260861,12.227865803748262,0.0,0.18951302526480862
1.944302307000855,303.80026957062057,14.228047255079167,2.0,0.15336977956355463
1.6680995077981915,326.93779962231844,13.446746858041971,0.0,0.053657440085554536
1.6411380127757988,253.9663203460317,8.287012733018106,1.0,0.11816090670358317
2.2437577467182592,308.4680412018039,14.607468193167819,1.0,0.1442898314219144
2.4068720085712467,229.314275154751,14.661872511800226,2.0,0.1882557857813596
1.9783969635258998,294.438696932565,9.710141687464255,0.0,0.17632706983508215
2.301059869367607,254.8046179267605,12.113813506342806,1.0,0.10303844522764274
2.1084908075142903,263.22350287051165,14.049986978433209,2.0,0.15493052395860352
1.8064640736184627,361.8046587605219,11.372058541261914,0.0,0.11242895076551701
2.108418681652524,354.56550602971345,15.218934143298036,0.0,0.11054077800910803
2.4614109699397906,330.45690604535883,19.09161748385808,1.0,0.02294839166763838
1.9892521882670144,245.38436176637106,9.642041902095052,1.0,0.025227531603230414
2.4693930967442017,284.1795775152599,7.856866190538676,0.0,0.1059067230044915
1.2140764687730767,360.6548849989592,12.911455786814628,0.0,0.05377230899580132
2.246570751312567,307.08584568199524,14.16468751537843,0.0,0.004207380492093726
2.0261141204714512,415.9664769990847,11.307400878465693,1.0,0.14456784078004245
1.9102977948602398,319.6658919697186,16.359781989963103,0.0,0.006497319338032992
2.0275282329606505,309.6024558245016,7.984182600830254,0.0,0.11905536822081092
1.4037293256197323,284.54417678987494,14.078755869094834,0.0,0.10783875882546289
1.9340984336487463,306.67704523911414,10.18241753772332,0.0,0.1937629381155609
2.107133771453524,292.3765081809728,17.15813371862189,1.0,0.09684262786952834
2.443368213422455,335.4054338344295,17.977546059504355,0.0,0.012720287275559473
1.8445189345179058,347.8351158397292,9.700030236649956,0.0,0.11033759356129234
1.7574519191320437,260.70052697460255,10.35132859227426,1.0,0.1682192341232203
1.849472886924639,233.4383523221111,14.578763660939405,0.0,0.199369856856288
2.2746206353106224,208.18973134483517,10.838608050631457,1.0,0.08606863473781451
2.0986253328979054,325.3995663456272,11.863766346203285,0.0,0.0640597484993485
1.8410719388698884,244.83166969130633,12.07616526162723,0.0,0.1813306593903998
2.1539802299340067,192.35547035237585,6.240980531407031,1.0,0.03824842581522428
2.029123264804412,319.42893022654823,11.958486761717289,1.0,0.12308578300658533
2.290593497159867,424.6499758716395,9.930816677807478,0.0,0.08114288483618955
1.7893840718367944,299.6964544230053,10.520631532800683,0.0,0.008216472991111057
1.9017013560206695,341.9245387225821,16.33089601040644,0.0,0.06945769486113955
1.8823675540603526,304.09146792737823,8.230479317162231,1.0,0.05304570450053492
1.5609455155603644,295.05551734044286,14.439615560243933,0.0,0.13721823078869738
2.088836083119373,345.9538241493884,11.163111209004574,0.0,0.18975809953838363
2.078316581653967,285.48627279056745,11.160719494512497,1.0,0.05360943747572755
2.001534036992738,313.3696157035952,14.371115688155134,1.0,0.16229318783033636
1.929623859987456,316.0848903098007,13.020153883706671,0.0,0.011071963387681905
1.5753887773848758,266.59547731784755,13.711838991658592,0.0,0.10762420200796263
1.8738064031703923,349.60211747682615,14.904553981598584,0.0,0.014110012741978917
1.897185645041969,291.2520121652296,11.006074850450032,0.0,0.18680659822612788
1.7593168192335145,262.2127420253578,10.16328979647675,0.0,0.15327025611147804
1.9516142865001973,326.82549217852016,8.744548420326606,2.0,0.13158998224091847
2.1212152570443616,255.07660091044812,9.523768410063134,0.0,0.16477927632493286
2.565855770363159,301.4090578684564,20.847283275926173,0.0,0.12950395911403265
2.0523733438495517,299.5440501677898,15.73403874221036,0.0,0.19378887943485823
2.0772651172168293,354.2947782915789,7.9467769013759355,2.0,0.14279158957295432
1.9776662252701498,323.73491164399763,8.03262612976929,0.0,0.18493172191644935
1.4243686354102876,298.7486520627428,13.445598185155475,0.0,0.10342637840212761
1.992045837365235,340.8883149600143,13.641794392133901,0.0,0.02341288259637253
2.018069062982308,369.5103774508657,13.646651505952093,0.0,0.10563554428460342
2.7389726337455857,327.8905153175931,11.235132619338906,1.0,0.025374565612618662
1.9422917105656632,300.517630992169,11.623637219991299,0.0,0.11849869583528101
2.0904642027000837,234.40818838249203,12.983638572478073,0.0,0.0964986121055326
1.989586469088427,246.74431684623136,12.25767901887999,1.0,0.12451507956655634
1.6493965887141404,284.7387647822666,5.342098881757394,0.0,0.0020093962109663187
2.342846844354506,269.52438989203586,11.310601108274419,0.0,0.03896809833107282
2.225579909806032,290.6514348507277,9.44578069721906,0.0,0.09826608638242618
2.2373095841129143,302.83249624485535,12.525634256725535,0.0,0.190100712317827
1.7271837635615783,326.48463771783656,20.95577700781023,1.0,0.07672180807103168
2.4208382932808297,296.47506109704545,13.102444996422914,0.0,0.08487440521072694
1.5794446811623157,324.3250821913101,11.059410941482806,1.0,0.14293921780132443
2.176057128140081,303.223720740506,14.765404505931757,2.0,0.12075855145722361
2.6571366877429936,201.22667168230643,13.448063661627637,1.0,0.05978523001966665
1.7028391024607936,253.03323030906228,13.260283471355525,1.0,0.08216327911348556
1.8301106811191685,292.7956222139192,13.820551779647014,2.0,0.04353995977144649
2.029895409526292,239.5152628579446,18.169630694488625,0.0,0.1932042918260417
1.8489573037651403,329.9964364998102,8.607334694022253,2.0,0.02612687631147195
1.5348009706801602,376.53754161718484,13.420896230434364,1.0,0.07436735691328389
2.0205688924418084,360.93809258486584,9.220856610055385,0.0,0.0051677944440022385
1.6813088858821685,289.3278564534896,13.666537939026744,0.0,0.04435589838670928
2.1420777291905546,374.5363068424976,9.243940465541717,0.0,0.15609422767603098
1.724172729729859,307.4333728601056,10.747899559184747,1.0,0.0402350464577759
2.4649803215052617,283.14570144409805,11.114730257286281,1.0,0.01601268050579312
1.765024012299129,269.329866822953,14.927450158034127,0.0,0.09489063596890467
1.9033815451382974,284.87651567559357,14.75536333182724,0.0,0.001993846946903699
2.244055165210901,280.5911590729386,8.262847870660845,0.0,0.016953230885266634
1.6307407050698135,308.52081111877436,12.164802332999546,0.0,0.16152517391259502
2.0682379803812387,308.0286990524932,9.871260435752482,0.0,0.1542946689719213
2.3921428262847284,300.1523010076707,8.224485267973996,0.0,0.1830277640809792
1.5177550296316318,321.8469084873175,11.348948848726888,0.0,0.17090308718214992
2.055390157559691,359.5323137393171,11.074551634632542,0.0,0.13663511264796363
2.0779648382745273,347.4777067720662,19.280149459036565,0.0,0.010466571460132568
2.234546861533193,225.75510157750483,13.298879476082089,2.0,0.1565697235973315
1.6289147867365754,172.30394325490226,7.867147497737288,0.0,0.1691021621681121
1.6038630160747172,346.71599556196367,10.305677987487172,0.0,0.1598164291543909
2.1565824696850693,231.65606507922894,15.064149886288195,1.0,0.10169580706160522
2.089095401969956,288.7617299053658,18.265328318609775,0.0,0.046580367729896335
2.0751478551037628,241.49434869703202,7.2420500632861255,0.0,0.16906599513774534
2.1039344628490926,209.900978120999,6.360226844582865,0.0,0.1454325619480277
1.7959925835264527,327.0731364102394,17.612895526115345,0.0,0.19615223487777034
2.069676109148301,337.95775801513236,13.168842532112711,1.0,0.031138519551186586
2.0879217419896046,271.174479963664,9.3951218043709,1.0,0.045132916610411015
1.7856945745920896,170.4478853927545,13.603887258367307,0.0,0.04235962997630054
2.559732353343427,272.6877775873759,4.092756782949367,1.0,0.15850795352426736
2.1421498762735363,319.5902002701273,12.010126519791482,1.0,0.037381459290023636
1.6426089508392054,226.05442156129357,12.983463518529256,0.0,0.01333196596466122
2.1969660825901487,309.1679959889578,14.772810418613489,1.0,0.19971216131712574
1.7075954989318036,299.23450754135024,8.958312143122388,1.0,0.00496344228902983
2.2361253811227355,328.9645749800544,12.257061484210077,1.0,0.16704881203177313
2.347578673702221,305.9790184207077,9.223726121821239,0.0,0.07307336831013056
1.753795304494487,251.34655295592222,12.766151267022952,3.0,0.16832309195156306
2.2890128387732966,359.82857508322456,9.313961032910928,1.0,0.110924098242229
2.1238342780809494,292.0735213486515,10.775697482519337,0.0,0.18032624589727203
2.246618047998347,298.63477302450343,9.012553815629314,0.0,0.18523859728292535
2.569037894796184,253.3366020463402,13.953408725470972,0.0,0.0018196362561551994
1.9263835651991388,277.8358874404245,14.575353349969996,0.0,0.015082435198557655
1.7738791506927531,255.75986429865495,11.29613829012776,0.0,0.0500717459141711
1.733145671112343,291.35269700382884,12.114713984880085,0.0,0.13386308327270033
1.7552569145103685,385.5854240071172,7.654225756099367,1.0,0.1776544393023012
1.9768694871757688,231.4049428534322,11.100970055979639,0.0,0.09198839025879256
2.102345592444993,219.32193010616294,11.849386148874766,0.0,0.12139462325485309
2.083007239799006,373.55851637468044,19.862379273089925,1.0,0.03769997055911223
2.248154974710807,289.5338161424067,8.664098922677509,1.0,0.16099336677633708
2.003900567563372,266.54636306700417,16.392531716257313,0.0,0.19346562227069397
2.4360602231471953,351.9952343698038,14.990576320397423,0.0,0.053719786582919496
1.9206029500286133,269.7192230131568,12.841909213470409,0.0,0.09896519032010927
2.8160507499768856,391.30048567734684,17.2758614525854,0.0,0.01722322210127476
2.1877002043295017,333.89629356696344,13.116316417820588,0.0,0.11182733129259369
1.7428527330751153,275.60442959271484,13.167477587003786,0.0,0.10055668836933612
1.6787322505816662,407.86541066327516,11.840638040947365,2.0,0.02888729683101552
2.1447417245729556,269.7142538498331,15.670706647255884,0.0,0.08841324262361501
1.9329611644022446,337.1047686004654,15.289407701432651,0.0,0.06682093041731266
2.2142001482276275,314.9646290203246,10.122968137511362,0.0,0.10436617506103787
2.1419712873720633,365.0870644699399,8.042258416203698,1.0,0.11713086708575984
1.9781513262029382,378.0755598363426,11.391058087813029,1.0,0.0016991157214419018
1.7459618845794784,301.6002074532883,9.599884306807061,1.0,0.15220119658991108
1.5455458325942406,262.3291064826908,11.809426276153935,1.0,0.14260285837234818
1.8660455143798937,322.9986071469558,15.712314404052417,1.0,0.07325727724130444
2.256919638297042,266.11423151239467,10.62809503473963,0.0,0.010587187113763653
2.064228123239061,400.66936237633115,11.871529856065276,3.0,0.15098650795701007
1.6262783663864036,306.8267665541369,12.174068204425186,1.0,0.1910350320956265
2.0519542777553545,281.7339224343946,14.545292646615854,0.0,0.048030319204402844
2.115595213918651,309.2340152932454,5.259331998046184,0.0,0.06470492274740758
1.7348427691396602,232.64368552351516,10.17989911570411,1.0,0.036762577896362995
2.046117531783658,251.4192980744674,12.633851076838418,0.0,0.11538722466896795
2.0174626155338,360.0206953972213,15.600236869280584,0.0,0.03096827892949099
1.657108910650813,267.1552860514302,10.524292657481384,1.0,0.07123878869227589
2.107336208104485,247.65445086590302,6.370341881874378,0.0,0.1394026027868526
2.1682353579104703,326.8326376263643,13.859134337898409,0.0,0.11202319660186968
2.3249153729525833,359.28520773314983,10.093912833523111,0.0,0.07729251286558705
2.316140615610471,335.9476655332533,8.431000022728917,0.0,0.08404992036150838
1.5866991896128728,349.80238429029083,10.126963830860328,1.0,0.11242217652464591
1.7186524880254632,262.16024557152696,11.446423927032452,1.0,0.0011729455774322608
2.154510580162598,228.90946666290782,10.18576600638536,1.0,0.01570197369072197
2.1541357852736627,375.06668259777433,5.383301828702793,0.0,0.17625161355260233
2.1545143058918144,283.8660080578932,14.691198590661397,1.0,0.015575797818258153
3.155819447196416,287.4583491772476,15.824625123836167,0.0,0.14136071924210103
2.17126715320795,366.4097070924529,13.954565974018518,1.0,0.18400763282181054
2.34066969205418,327.811500470033,8.58694298872555,1.0,0.054136720860346224
2.2862005290479606,322.7943886040804,11.395525398157446,1.0,0.07409828741190286
2.1954173753917394,408.2501172450542,11.980436054311626,0.0,0.11378428116894326
1.9054192266078964,267.8240884809928,13.79638316868573,1.0,0.17634179392771696
2.22769076614798,346.3920064040619,14.005021466154243,0.0,0.18838111745208405
1.7681524356387284,302.85065624485424,9.797478603664512,0.0,0.14791264962225362
1.9289544179779974,313.42961394316285,12.245986669240681,0.0,0.017323952170938805
1.854390935651269,376.4234213206266,13.371841213845723,0.0,0.13383083110697017
2.0245622418158966,325.3917878144812,16.3674669664403,0.0,0.08206074437453242
2.6943975700020526,326.91480395248163,14.11351961947417,1.0,0.09414019989821232
1.4398204422224756,353.6253668654901,14.367170062126558,0.0,0.009829678069035409
2.205878057112354,281.7523635228557,12.251479883788083,0.0,0.03821242786927164
1.5161852386431045,258.0395166330497,16.23137743561051,0.0,0.15810272150672955
1.8584204402631699,247.7595402989483,13.229288387878492,1.0,0.09079176660957196
2.3266851790902097,201.68217053119992,9.416736269479289,1.0,0.060332448326229776
2.0192840057286388,402.8103564970161,16.21010991037557,1.0,0.07680381479299164
1.6766765666212082,244.83958171391583,14.093709817617082,1.0,0.17087990266513606
1.7854088872220095,288.9373188207114,10.670867936614552,0.0,0.1497998034809914
2.2038793246804027,286.15933500555394,10.56152109780227,0.0,0.05446307943621656
1.780890010484859,315.370334890455,12.889726635422285,0.0,0.023500368042474663
2.0649375768745926,340.7868606269648,13.389554385802754,1.0,0.050399644328814344
2.0136715519711443,343.02367441798725,12.591876796893619,0.0,0.18415129021094676
1.8045198957182549,270.8461280715531,12.933926020328654,1.0,0.11631776756995107
2.6431832267975977,291.6439143106794,17.099872123729142,2.0,0.10669604174895658
2.1901757066954035,314.12899752441496,15.214629456704657,1.0,0.11927871993849232
1.392457224002718,287.56544369082263,12.571906773795073,0.0,0.07320565314930305
2.055936294430828,380.36727880099966,14.823931742302449,0.0,0.16142140406390257
1.8014640605694836,324.54874758191255,8.902428289417381,0.0,0.10465724986004997
2.2557300004388674,336.74388930249086,13.193781149840426,2.0,0.02334958055375911
1.7622437784701899,333.14406343337066,17.427919049199332,0.0,0.025813024965812593
1.9655790675599303,358.67369287426624,11.34586231382288,1.0,0.10737182930052368
2.151496183694137,309.05107793518533,9.457098214142746,0.0,0.18731404361416784
2.259726558251036,235.15840260220767,10.043733334220818,0.0,0.061670424335239754
1.639911077883267,319.9843975876321,8.731100887972834,1.0,0.17390823377184367
1.8996496292477154,267.4321553104086,9.64571427561689,2.0,0.15281911731577588
1.8575164066517131,273.5691659125122,10.888475704229913,0.0,0.049562488581381375
1.8040012302278865,329.3182009377547,7.783298942464074,1.0,0.0072681496632484915
2.5296362720843293,361.91415357168177,12.04685500184881,2.0,0.02036945302847655
2.1214945132882868,301.06357883680306,14.706831521359941,1.0,0.14569878676948805
1.6217348136994865,315.4416506299482,9.276731459559239,1.0,0.03993394760812934
2.2753585841164328,385.1107472317619,16.557851770925307,0.0,0.07425418410107876
2.6366468591037897,312.03765897442844,13.532376265582784,0.0,0.10033983320128498
2.309739578165344,430.08415570901974,15.091741756872171,1.0,0.14509363369003256
1.544189010213796,328.2754822815772,10.02649633844359,1.0,0.022646244651825076
1.8547297781401246,211.96186204220913,14.563575681199847,1.0,0.08127328105549231
2.3800733447559868,337.6670810552266,8.724198298814061,1.0,0.09701458182853909
1.7876991603143657,319.0579192441389,14.670742502509526,0.0,0.10816541279430794
2.1331458284438685,364.4876377041373,12.515518019380593,0.0,0.16367212827904334
2.232390216028801,333.6590675634979,13.659753659954351,1.0,0.034335639008643386
1.721920858526575,293.0772008008113,8.473216183125444,0.0,0.16156629036532447
1.98214239318146,238.78508818553172,9.314790473170186,3.0,0.13857568553933045
1.0276197979792783,289.54883713569876,13.791684654760154,0.0,0.11117416283979187
1.692683707599713,257.473977289535,9.154955987327398,1.0,0.13990557408051438
1.9242295545820518,270.97382750976385,13.38961887629737,1.0,0.08240354779033128
1.6256650454105452,329.42892022103047,7.898586580619263,0.0,0.027679517193624915
2.4897233911794907,383.4952252175703,14.544522638000004,0.0,0.13315304805307346
1.5709575866118102,319.73357649114905,8.302430055694472,0.0,0.10493446133712446
1.867986653990905,240.2058468982408,13.656899813038569,0.0,0.12787496010855512
2.0392221731858275,322.23013341100705,13.876892800938002,0.0,0.06759975620569801
2.4323819867198346,359.83157433228257,9.909684544711276,1.0,0.1813733154679672
1.5692413546461683,269.51085478403087,13.74607970125418,1.0,0.11747397371511539
2.348949125646488,293.2991416663541,12.781326790000668,0.0,0.017080496858174764
2.003069918305876,300.73440973645984,10.383474431421785,0.0,0.08996079814088574
1.7055474046856147,260.755084345888,8.974335947771376,1.0,0.15127121094872686
2.1386310422789814,332.41402169219293,6.112122924982263,1.0,0.1588269123464545
2.059717908672041,293.95259256961094,13.04895014189908,1.0,0.09891941055275176
1.8199349368523616,320.9766221953514,7.305591685913835,0.0,0.17894951416626023
2.0209406254970057,255.625391109895,12.286032598323924,1.0,0.053533687438859515
1.8844059209414719,278.1270849838295,11.209655351753252,1.0,0.08211973944765333
2.0340552035753743,336.11906789138857,14.037428326314586,0.0,0.179719382113794
2.198639202356314,281.3583423954116,11.093863501530407,1.0,0.1792513432943158
2.4758050448436055,386.34819256167026,11.011656640958726,0.0,0.1371425537649362
1.6286553503519454,280.0181907192699,14.195612112864886,0.0,0.17179610942444404
2.63991001239688,311.2342362875943,13.005174087252353,1.0,0.017754653391246534
1.4143736601432495,346.6295415936545,12.948467871548335,1.0,0.17299899524155526
1.9544644714893251,229.08171335334842,13.40780276942558,2.0,0.06412398131004536
2.1764951619453727,211.9595594009612,7.393283630378683,0.0,0.035666302485643266
2.08429756032051,223.71718427149526,14.270366039960946,0.0,0.04787396726840927
1.8131901440538218,363.1292051713591,13.837406382040808,1.0,0.08359370160277742
1.9375633248928175,272.40709270537764,8.94995061427051,1.0,0.05023840092089345
1.85209971960235,427.9099642834126,11.267758578977396,0.0,0.06411351720329982
1.8231905729167366,271.78762006713055,11.882078137117107,0.0,0.02699569721432842
2.2548806291063075,309.22756515985185,11.596509646794802,0.0,0.059235353111799706
2.1071046457895144,377.1054976283938,13.001579899705604,0.0,0.11445676290840023
1.7921271214218037,400.3046444079562,16.29410034549355,1.0,0.08837074161821279
2.2698799626299753,403.0751788318199,15.245300183018486,0.0,0.06934375224718224
2.0921898562629826,360.4183115296571,8.063342419705782,3.0,0.1492904257714228
2.243858635651688,351.2031262905731,13.866209970918145,0.0,0.1787019942786636
2.188888652577084,329.62634746005915,15.986799958606229,0.0,0.1513578445804794
1.7513014967233782,338.9180538083319,13.160425562067608,1.0,0.06640014042353584
1.831945687940909,272.44071418357333,15.272941275557901,0.0,0.14888843356751075
2.2241880815369783,259.09005582888466,18.036811337102296,0.0,0.030396036494810243
2.1831110796300393,299.8312771294524,15.071128638320944,0.0,0.026063597618258185
1.9937295218107556,291.49076887375355,12.747925786925187,0.0,0.06912540740723179
2.0351982149926346,277.33859753363623,15.13526542225426,0.0,0.16154047380881142
2.3832994687365274,334.81937237283574,12.434663499290673,0.0,0.04926964944846038
1.822528583349251,347.76526042852555,12.071709129854867,1.0,0.012650681779735919
2.1641292143510116,304.42034431459234,10.945757292858803,2.0,0.02634190704127102
1.9393422042698318,373.8765040527631,16.690240076496323,0.0,0.17174899370591604
1.934695639031834,242.91554429332476,9.544714002173997,0.0,0.12675665694945754
2.329633055596157,290.3170270360141,16.59710317403435,1.0,0.05064023267399534
2.247624904696409,264.15888396985974,13.499592371221114,0.0,0.11105916506563628
2.2440528908001918,206.673169146347,7.802081475594175,0.0,0.10551592448507008
2.3916436421462985,295.86596570786503,13.102947878974264,0.0,0.13108719568813226
2.0063011524898275,293.9126245808358,5.6999204770451275,0.0,0.04663751088432327
2.204585891388489,375.67248716210656,13.876524050493106,0.0,0.17288059743887954
1.9069199730219633,331.54058422773886,14.655694448966972,0.0,0.06187371241600257
2.0972499057465326,248.79065878353975,10.22293213304384,1.0,0.1388263307952474
1.9609570836896946,392.70462831670943,12.370643087866746,0.0,0.0032249292744429784
2.0290987894978154,361.0516847762676,17.86247230125086,0.0,0.07453142597882945
2.1785471076310743,329.1048851734308,10.48275988721419,1.0,0.07034196359176166
1.7545337950299582,288.6757950575084,8.823277238830197,0.0,0.10869688571660291
2.627716182705638,252.028038163826,16.444990207387796,0.0,0.0145472523554393
1.6981947855500894,281.3896611964474,17.887761571592385,0.0,0.15802627474522168
1.6357434161636804,354.4374309852093,12.011087015543541,2.0,0.04355616035351371
2.3474332620500205,394.2293152967304,15.034389106225069,0.0,0.13540756297640205
2.2374988081888807,377.1621764136095,16.024427746592643,1.0,0.16064242464881864
2.1872359451156465,275.5575289106863,9.772547302384847,0.0,0.11237539124830263
2.188503652779284,244.01912833554945,10.544082493896395,0.0,0.1481766413443971
1.9963259681459256,307.0443123455602,15.692623539464204,1.0,0.13237206244300112
1.7308236885542505,211.57803172185743,17.05504283612553,0.0,0.07110595943040153
2.022741367458118,316.1583857092391,13.688642580523064,1.0,0.16177170780671307
1.7968514865463665,292.6198706850666,9.360556939493836,0.0,0.0589402739771056
2.2925359200253252,276.6981749065879,17.961183335098323,1.0,0.11424258355030344
1.9558827855493583,220.26484663666022,10.407087306564106,1.0,0.1490795478283079
1.7523508409622466,325.68000532848583,10.994586656485644,0.0,0.07579118196250152
1.903584247504102,273.36495801690444,13.027013503468865,0.0,0.06055352152348501
2.1238794362826874,241.50415821448559,16.662481262144322,0.0,0.09186920203456456
1.8308826341588076,156.38688933591754,14.56192792965667,0.0,0.16359269886983074
1.7533338813300705,298.62425474746817,13.24459650108573,1.0,0.18598435262913296
2.073106163447574,388.6125798334872,13.389865590354319,0.0,0.10901668257197804
2.073489971332617,383.0629607273935,12.130544005930398,0.0,0.13229324106473037
1.847917047388661,277.1451871706864,13.674418543555518,1.0,0.18065472444778286
1.8586885083145033,269.889396981911,4.4113197669170905,0.0,0.01970937028258848
2.069614981207291,323.4387128037512,11.110177622790605,0.0,0.04641571557323301
1.5655746975508027,250.08072804058543,12.723965804750343,0.0,0.1417800012503165
1.5777608676870334,315.0895949909733,8.546957749141479,0.0,0.16474889238245993
1.7844667336242692,338.30401391923454,13.15896995343468,1.0,0.1714058056661156
1.9359658544864458,361.34666119421536,11.386586337041635,0.0,0.08302143537098652
2.0932722696794013,294.99229617600236,17.266427094946472,0.0,0.01786798045837337
2.4426068650848656,289.81631249115173,16.719059175644567,1.0,0.087556295459924
2.2572978869606057,256.1008706621719,10.602583292645512,0.0,0.04614691804141076
1.9520184410109718,258.655982298007,11.547486865299915,0.0,0.05823929099932484
1.9942951376291933,288.67605540492366,11.778157303174822,0.0,0.15445351136750118
1.6992411906086573,318.3682753408089,10.645021571521132,0.0,0.015105417205177375
1.994446059202283,345.6792313116625,12.58507495208438,0.0,0.16551624349614044
1.9134024083239585,259.8410524659828,9.72515379333723,0.0,0.08553381716483383
2.0968155681014267,374.6344284479761,8.608153995187422,0.0,0.11921278622011902
1.751830716934303,286.4438199478716,13.868133671700805,0.0,0.0179304462471358
2.1558039542723515,298.9316352825782,13.888588752665433,0.0,0.06747181567145592
2.459821673900773,262.63941604260884,9.587052721020022,0.0,0.01794018380296916
1.9673719554629427,178.7879869863529,14.686066292287798,4.0,0.19230874457622193
2.1205135166296825,344.2022698180525,10.105266812504006,1.0,0.1614523298652501
2.2070431975133338,336.84219485462165,12.759495714113944,1.0,0.09192655087129205
1.8796338584342491,285.9336221440893,14.461032037837368,0.0,0.044720509664734225
2.067227744543125,303.3495358612436,11.899162305888861,1.0,0.18669102104997046
2.0037777202345386,325.79696088520495,13.364222736423404,0.0,0.06891931914539436
2.0293028295646494,221.87270715567286,10.450711068337284,1.0,0.03219688633747495
1.76809706484336,273.5473661326853,11.410600249715708,0.0,0.11263287769079099
2.007353052277683,339.7132339810914,11.38242170735898,1.0,0.18875482406896324
2.149399487373635,237.28552884153754,9.760264960379283,0.0,0.0007660581000645151
2.4353430823385125,314.6778966083315,11.469677510652653,0.0,0.04762496865079975
2.287781247825562,232.17090976882974,7.35414510340876,0.0,0.18768952808208153
2.645954737253467,323.3214991216763,10.526538758573686,1.0,0.03421719337143241
1.7697957311335852,298.2179258851258,11.145373519890988,0.0,0.022648690327963975
2.2616961910162034,219.24340920472451,11.23146074251386,0.0,0.1140374431599609
2.0550026017215055,358.2369677228586,11.275507662387664,0.0,0.172368764658966
2.6569408799653016,263.27042116009756,11.814707400419612,1.0,0.09542196353878524
1.7575105143934546,259.48737814928097,13.438324554258191,0.0,0.19891285133690495
1.7480834473457671,310.02845986154716,14.623551222397568,0.0,0.13583433990759858
1.8201822063667934,357.43186747143574,10.0507043194552,2.0,0.014814981442089549
1.3628312827070581,249.20890905108016,8.390397433832566,0.0,0.1985664263363951
1.8422734934957716,303.0839924923986,8.87386676327069,0.0,0.0815788473560381
1.7722602015338906,321.44082501652866,10.538391236415219,1.0,0.05748050676909651
2.0451181359428623,334.6552803631572,10.944236046550472,1.0,0.11157583671557712
2.1025267927331477,308.8220777638613,9.690011801407628,1.0,0.06086151836417286
2.5628512517647657,281.6486080458339,8.111650007250317,0.0,0.017291501424030464
2.285127151455815,258.62048896756403,10.631637517577435,0.0,0.00028566861583534386
1.826928903301279,304.30719415231874,12.544279860341915,0.0,0.08991667058405246
1.7304755985954925,246.39304940071966,13.785088397506694,2.0,0.16737268444531847
2.1475757514519516,153.93247582526962,10.327730840675036,0.0,0.11446303712601531
1.6039300378938073,321.8279902078834,10.761006533569699,0.0,0.19984145978868817
2.549437629756306,345.19674205430977,9.219905073458069,1.0,0.05736932912944
2.353832036216386,181.85337822290808,11.905682488875671,0.0,0.05609101295201107
1.8592473043685886,249.5134647645031,9.454714097427557,1.0,0.031949892046788844
1.4860596412727367,330.9577130502599,13.7193834397236,0.0,0.032812717653067036
2.4061617122496237,402.8747734855849,6.642400524197667,0.0,0.057037319202009565
1.9656380464242147,301.0396853837704,10.921110982642613,0.0,0.15856800905470544
2.3713448935920387,263.5998529385433,12.903322017575226,1.0,0.18115135812728958
1.52167170236169,290.855177944758,12.551503548967514,0.0,0.19501743394153626
1.8201874931138682,368.74382095740924,20.079100991941488,0.0,0.04645793081929053
2.001573109915455,267.70179104377326,13.049400073703723,1.0,0.17625950912281835
2.014094178129423,260.04039966748735,8.987836209473969,0.0,0.06565101785546741
1.864980358556227,275.86282389089837,11.71360725873278,0.0,0.022568108903376884
2.1868549797042496,252.33356958706437,6.671260999600644,0.0,0.17400498510403314
1.6797138711852218,306.13351579973977,11.758200752109717,0.0,0.12722112692872373
1.957286154493612,381.233922923478,9.500831828997724,2.0,0.032946179216212346
2.0360886895135697,316.1539636558015,14.746170826680485,0.0,0.08596625150260051
2.1543316502176246,287.3823248936856,10.351379176213396,1.0,0.05745153897541353
2.213484463426667,285.4094365542228,11.64970225261426,1.0,0.1473589137420394
1.6626073724486392,221.84045956516715,10.093326475786789,3.0,0.09068324612485362
1.5397657487793133,344.15548885735797,17.216554055559996,0.0,0.197855989021277
2.383303046569553,296.1081401493599,11.036271701646266,1.0,0.010948996451919026
2.0996942035938777,290.97600432046875,17.497671130437606,0.0,0.07100305322724934
1.775454039033034,459.65537839224305,14.4424552863548,1.0,0.09638003342199548
2.4653455926567567,314.9376454182843,13.446200182006159,1.0,0.10062671094966397
2.0347023902878574,262.41044749524076,13.106199441952558,1.0,0.06318716447712736
2.353789155219148,278.6821201897228,13.181391894648755,0.0,0.1458480498195136
2.0202555444230326,357.4222854598377,6.21698226196317,0.0,0.17494941469779496
2.618224377464596,305.66352052688825,11.163349817547731,0.0,0.18774386039557261
2.5266022527329612,228.08610108413166,14.535473913552964,0.0,0.16101867535990524
1.925310755456278,345.96144672876017,11.853308449577684,2.0,0.1701160394613199
2.2914712852863066,266.5927957230503,7.784430459589275,1.0,0.11010906012399911
2.1936127848755445,393.6648888108773,11.842786648267591,1.0,0.16517764528536294
2.4105894672597046,354.00240328573244,17.112316548766472,1.0,0.06070078182959045
1.7105229618259687,277.6339052170624,15.740675146604158,1.0,0.07969575242184289
2.2058154379995316,364.0508180867556,11.813987971901906,0.0,0.06338260276370887
2.3175273460548764,303.39277552637014,14.854347831174259,1.0,0.0934774670895851
1.4723781540730658,342.638683756111,10.900478938895844,1.0,0.057115923247727275
1.6450224462002674,324.23664086472377,6.8883852395198435,1.0,0.1923222884508894
1.3882303466719699,257.6821672504563,9.226602035611336,0.0,0.06256892560113363
1.9191779496666326,267.8225083841269,16.688666305524592,0.0,0.019608907622187966
2.2152626767387886,351.49804087905807,11.178020754512087,0.0,0.10536343321008268
2.4507071156288083,283.26123339467296,11.269848061874946,0.0,0.011419815689035273
2.0222284341259327,279.81757683790016,11.100485411175358,0.0,0.022108633261716106
2.4885846636713875,252.24387103253235,17.71240976871902,0.0,0.04387787783924926
1.5859695625355326,321.17995327967304,16.87787674608619,0.0,0.09287004997642834
1.4889852681934537,403.1262459621572,18.6563407003444,0.0,0.08665018646180558
1.9833356903310144,246.62335428728636,11.522864368799846,1.0,0.15993837240055825
2.115219634681792,301.2109728336379,12.886873466241285,0.0,0.14789493077682267
1.990191575571772,370.61102777077144,7.450072351737626,1.0,0.08526365879814027
1.379767369988037,296.01793043771426,16.430803278354823,1.0,0.06674084151512598
1.9732639881461636,322.6185898124867,8.496661346196195,0.0,0.06329375681229972
1.608659149848544,246.880323592656,12.650326691287887,0.0,0.1547990174588018
2.2009017646490117,321.4153548603824,8.708092417101469,1.0,0.010414481244253948
2.1099794738290543,290.64278674977254,10.233399519783912,0.0,0.0025643299021211653
1.7180360641017933,349.2864997839931,9.488212706850899,0.0,0.1591088783853296
1.8458399247989918,359.3693025782376,10.176374217972546,1.0,0.09542927519780986
1.6822359434333145,429.47818210093067,10.382631890553064,0.0,0.026176227710715195
1.9811962708180484,328.98165866067876,10.355193615224769,2.0,0.047113186918900256
2.2865426961503714,316.2898158291083,14.500001735340922,2.0,0.18650079061947653
1.704282186099337,309.7192150788668,8.68541162081244,0.0,0.1719005951249796
2.1512139546553533,282.3416853594656,12.6616242810416,0.0,0.14195701004479452
1.8409227144882678,316.9241921730846,15.653877456916675,2.0,0.09644504606746532
1.7621381503212967,285.22992949304853,10.460410906459812,1.0,0.10406472523827714
1.9678908920136327,308.4230488134807,9.846243327757195,0.0,0.19504890705679173
1.6894273032741878,365.879876780398,11.308426124459247,0.0,0.19315408877685744
1.8339052083958454,249.67287173601795,15.53917562508213,0.0,0.04305380915716686
1.6406366322233454,356.99392805645226,12.582322892860073,1.0,0.16222091326106364
2.589417539874917,365.85575336699327,10.406357116177205,1.0,0.03944853323340336
2.0105790655915188,294.0965736504461,13.451629953564119,0.0,0.04270749557679028
1.7900823476022243,193.90725504957027,8.69312355049073,1.0,0.13521860683291537
2.0641939732202665,269.60890064527837,14.044078531328843,0.0,0.08100021971750969
1.966301585092751,364.84972732805545,13.225821923105302,0.0,0.18630888142130406
1.9337091201400332,298.8565968850559,11.076574586583348,1.0,0.017801946979201767
2.1842500100130278,250.03488838525448,9.484242604658307,0.0,0.10230512816189861
2.2272523130141915,274.7612539385891,9.339957233149628,0.0,0.18370430608862426
1.8408496557168417,342.03100132522763,13.60445200903773,0.0,0.18082273209590105
1.827254527806596,327.33667841006894,15.686941507467186,1.0,0.03130584268314825
1.9174844908545068,288.0533950415153,10.088076758913616,0.0,0.0733275400192913
1.3094236505793244,281.6587794092656,13.375160110654452,0.0,0.12382428000933926
1.5454426813404343,280.4120925478089,5.738918944193793,0.0,0.031878976954280436
2.4100622802333573,253.87949077507488,10.246146808028401,1.0,0.19360443440914776
2.4934903140503852,380.7687844734721,11.906823201387294,1.0,0.18294986574553207
1.9252891881330865,283.883976539433,9.270949749054498,0.0,0.033390035806893835
2.17296708891673,360.8579260412748,9.190480875631213,1.0,0.024231092252197085
2.093375046363061,376.0658025961226,9.99666133059334,2.0,0.01708169656165306
2.9236642425365713,349.91554490739804,12.87657818497912,0.0,0.18188873280732623
2.335872473430373,278.4189843640976,11.438012944780876,1.0,0.03872476195909216
1.9616247225557701,320.1865045168305,5.285306300025084,0.0,0.08325698570887095
1.7133378678198723,298.7902196804542,5.637899542094802,0.0,0.0897702731304006
1.5180661039227283,254.8149069634936,10.179404466428474,0.0,0.11980220884271352
2.061039090760167,316.21796408608014,13.373059758160656,1.0,0.014347068749484992
1.773094776414709,241.04801044200988,3.757485471824296,0.0,0.04535172348010319
1.5733238871206978,359.38396942307816,10.500809471545107,0.0,0.18629807738378523
1.806028134727242,276.7691351350803,10.421256430447738,0.0,0.18168202145371393
1.6755355989156815,310.05798279364194,16.165013334625343,0.0,0.15625812948113846
2.5061424905217695,314.1643935773071,10.84493456486141,1.0,0.003880249123643087
2.264491927084835,287.05475131479614,13.148966954222786,2.0,0.06540135369922043
1.9976082076050148,329.33469007376374,12.42377142026239,0.0,0.12559174706858156
2.4439832416670075,276.2548171688738,5.608300560578398,0.0,0.055038042354695144
2.0232104922942855,343.5648648728622,14.304621649895212,0.0,0.18191733901075546
1.741614739601521,232.70101598766257,12.646189516368864,2.0,0.12677789236648837
2.4569372231808972,306.31897897732057,13.52480591902377,1.0,0.01438134346328912
2.1616730131053976,396.94644995291424,23.778713119308982,1.0,0.1818011177671406
1.688826153702063,249.98343376972127,5.747661181504235,0.0,0.19155333163524452
1.9428983965749176,266.11275147375744,17.174089949283324,0.0,0.015542483678345098
1.7373145239845729,325.69539248294575,11.137657441798932,1.0,0.10647204697226298
1.5851600807106991,308.9790890969799,12.861986713209028,0.0,0.06067285644283409
2.2778532642594924,317.53150496367795,11.863463264096273,0.0,0.07856781529628049
2.5728249921410393,324.4593565073832,10.72729099980587,0.0,0.03593024359106838
1.5804297278542576,331.7360734280885,10.290501215283724,0.0,0.11561442040248252
2.168890771007171,355.4849920978112,12.988526206719028,1.0,0.19159587064977812
1.8048072292634518,320.4909328464256,7.448478909984963,0.0,0.10061452005432181
1.8538623848705913,287.93711726907287,14.251737502565296,0.0,0.016582916278896232
1.8222818227283393,333.62868506013655,10.751416785344238,0.0,0.12400026669548168
1.7408027690960552,394.9940967447608,8.609791982878926,0.0,0.06804459889025141
2.014556488383448,293.3683126808713,10.64996142601256,0.0,0.17118503791825956
1.7507149650766887,251.27353476646792,15.771447650587719,0.0,0.08693562966329405
2.0811370477339515,355.3540334643486,10.393994738951331,0.0,0.038567921788449123
1.984928567165259,293.9809418023201,13.07536085462886,0.0,0.03822112453822899
1.9283155859400771,191.36652269929817,9.80713117285358,0.0,0.15375283614423207
1.7277309013875206,342.37108385752106,14.273765549770859,2.0,0.05311751966147198
1.8269686008295003,273.23359070230384,14.056523216370612,0.0,0.1534466788318446
2.2266173677477266,295.47333588479194,17.545826499889234,1.0,0.04117746215331988
2.1502751562873144,316.5990165284507,11.473308163502354,2.0,0.06433727374026188
1.7067334265604348,309.5249839889533,14.00596441427372,0.0,0.09309739448793988
2.0297996916287677,335.47259085695197,12.294202618616834,1.0,0.18863916993869015
2.225416137011537,278.2256814715078,15.887615345589044,0.0,0.18634628495076494
1.4991784156635886,325.65528990880415,9.843502837173808,0.0,0.041374375084457564
2.1630080577139803,287.02266612080416,14.235015938631843,0.0,0.07164380824861456
1.801212872316246,336.94052404437514,11.415908111649955,1.0,0.029879877690754467
2.171179600577948,330.76837420065266,11.807435468674507,1.0,0.10199701586269944
1.771022253037245,253.22806489777022,12.275257453345118,0.0,0.09211651013893332
1.4585353698006442,354.2991058087516,12.756721189280032,0.0,0.1801520324901465
1.5117372686350512,273.2018277442976,11.651312870634126,0.0,0.18600107555821455
2.014425483998415,340.40288991405725,12.644139549511578,0.0,0.07671347820145842
2.0779167505164446,318.36436567006706,16.734354172686555,2.0,0.09834758860379789
1.7287050124686774,391.9091838397561,14.956349056845655,0.0,0.17924724982922663
2.191577737633212,288.8267008814074,14.60746377749069,0.0,0.1613415615490123
1.501543981319312,282.53416019409013,10.633381421928387,0.0,0.0007312622689298554
1.980176060405805,299.0290197056134,9.332277515315027,1.0,0.0640119128367165
1.636695140071263,284.8410108582862,14.865901674713259,1.0,0.08435484838722518
1.8044491676593521,339.9970950971025,14.628140377589382,0.0,0.04594325673664634
2.0142196013949243,219.1844695781706,16.418012027252946,1.0,0.03991432317918775
1.7418759904148142,247.3158790426823,10.188058122092311,0.0,0.007556901319135934
1.8846333367310524,246.60985392104035,11.311354033918958,0.0,0.1286739450139521
2.3018878427643323,347.5153795986788,7.081547512423698,0.0,0.052502058096633136
1.8269324391430555,385.5306686290963,10.82258668181738,1.0,0.010469435686262619
2.2507076336195424,294.77753907312643,14.989711531738342,1.0,0.04619586210561273
1.6610879436027146,291.5589138404995,10.600513862315406,0.0,0.16038279056722532
2.158941253374585,303.50260815565906,13.921439385602472,1.0,0.17029783632930934
2.43247058619737,358.0939151304095,11.428490682006565,0.0,0.09661324903866053
1.2585066499618134,253.63234329047128,12.972171084664682,0.0,0.08321413408173724
1.7609314233588569,311.91844913673924,8.556925830552998,0.0,0.19557073870035635
2.173121638154162,348.7598814891215,12.255628348901704,0.0,0.04011293191761398
1.9390863841871022,325.05470849699225,3.0265920872978302,1.0,0.0430718565709217
2.111343762011393,309.4790808299372,11.439311525514045,0.0,0.058373435407279954
1.8188044439852538,350.05230462835704,7.108580268854579,1.0,0.03455146365621747
2.02597693624187,164.83838535003815,15.617983549640448,1.0,0.07587311964083732
1.9532968293823763,333.8937659765454,14.332222058293533,0.0,0.18216684539795078
2.3503346184979423,267.29621584362883,13.400012945898244,1.0,0.12306956812571486
2.076326252990364,208.46835515717714,16.56301868147814,1.0,0.08238930972245273
2.1012807986225606,325.560129976249,9.153250437525488,0.0,0.18688215891424298
1.8764369101632599,368.68292725814786,17.242089593746677,0.0,0.009692846495164465
1.853718132778252,293.12757426861543,14.796574692781155,0.0,0.042055235580372274
1.8702325436541138,347.64372736014695,11.290334138343162,1.0,0.1131777210203518
2.118335642713489,380.6139128994323,15.406860441548833,2.0,0.12311052463863584
1.8737046557539212,365.74572267920234,8.681119462765096,0.0,0.007911501312522629
2.086932457068924,381.99822646856967,9.526457515416979,2.0,0.08060775158142644
2.6226202395936316,337.1063745535946,10.174230830280898,0.0,0.12983079296617456
2.2613374110295075,303.77168194507965,10.413066875807955,0.0,0.13961410928068033
1.9021929403496476,219.90170940514156,8.830327071719243,1.0,0.12762798050325386
2.3603641766491834,287.69687559350257,15.669249201285975,1.0,0.06411264487218492
1.8775773880935347,257.8376702341904,11.223436798890505,0.0,0.018704024719581904
1.388562639446644,408.54713587489067,13.057514905070638,0.0,0.08542248928386682
1.6975741067247787,291.2057093783832,10.288945900758959,0.0,0.025750887473611095
1.4387624236922432,306.1602403392243,6.538190098354448,0.0,0.18952473170413342
1.8945459547876073,327.57426880202337,12.810172075174266,0.0,0.09503417320452566
2.0055255137568655,302.1801223186227,6.2632350737406695,0.0,0.06345183487137351
2.502931193682585,384.75255202153767,11.794097861743595,0.0,0.15326081422378002
2.098078212129249,268.8675319132774,7.895054883501569,0.0,0.09958971851645278
1.9342698413573407,309.73037276186216,17.961827997692424,1.0,0.06200680480249002
2.248821674355047,262.8764707150976,14.734088166524165,0.0,0.16239354847816034
1.3366594072976343,233.99887443896472,12.317261373814441,0.0,0.17343043020022442
2.0706843674325697,269.41154545473574,15.791120032964006,1.0,0.13460163325773541
2.23125955816609,298.1481601475794,9.461052067602793,1.0,0.00939288448153346
1.5564241262660476,278.534888774137,13.630438136010278,1.0,0.11326457603330642
2.343126212962079,265.3789510063072,12.599431301156141,1.0,0.15265898239945633
2.101548922248324,229.6841268164083,12.79206024400101,0.0,0.027300602416716436
1.8754136258297596,295.8447213685653,15.817060500320304,1.0,0.045734150276920675
2.1898345598318856,224.7639812984499,14.197476308339407,1.0,0.1764990210136273
2.6812078573413185,338.0027981844801,12.86617098847507,1.0,0.004024344370614808
2.0545598765175486,304.1219876467252,7.035337691315112,0.0,0.1505454275651952
2.074466175890101,227.1224250267535,9.119861114161608,0.0,0.09475465850288459
1.8621917301379267,284.5395461475068,11.631873199212828,1.0,0.08935443176792138
1.7450466891605625,262.39217972047084,12.280117122829953,0.0,0.0014193064989774353
2.2491007449632736,315.95872552095904,8.609388825978229,0.0,0.16387964619329856
1.7431748522273398,367.0225223011572,19.235030026735263,1.0,0.0719649801273133
2.021469871165818,206.24137651771275,16.54918216576072,0.0,0.10815312626010859
1.856702765970465,305.75130395737085,13.806354961177451,0.0,0.13546013726713188
2.1436939477239174,291.99336022166796,12.216110583851234,0.0,0.14052591528758315
2.1000986315860843,333.5670038225233,11.363373090296545,0.0,0.19119601176521447
2.3112619832773698,310.65983141188445,9.144244619933293,0.0,0.10626799064732183
1.846995080343576,262.40153341305904,12.232441555556587,1.0,0.07994391019488552
1.9190375194119886,284.0473032166691,12.773257620428252,0.0,0.1907407252983416
1.706370885265308,260.1987071598255,8.274718273555127,0.0,0.12842204700510423
1.8667120219771665,353.80035692992993,13.002529251734693,3.0,0.059630071255311126
2.1131901479134556,301.0655824335971,11.534222853525753,0.0,0.025292849080714233
2.2270965849936055,395.05953428765037,6.276577326367827,0.0,0.16851090029303628
1.7233504027467124,296.966959309269,9.418844967661494,0.0,0.07243632055883031
2.260881776031698,264.57966165447687,10.759183399735067,0.0,0.13209394427288623
2.4066913576414852,224.31428036935864,17.66306297202057,2.0,0.09416328387317963
2.12403047096711,209.84301618720275,13.669659373601274,0.0,0.03978595595900767
2.56303874376742,220.7932028497255,7.993555292700326,1.0,0.12033732172409302
1.767863240268928,313.35633255057417,13.45810886825291,0.0,0.012136613790136464
1.6266035890065749,325.43625116149667,7.358088033184903,1.0,0.08266849197423845
1.4663839253287163,220.94046489839332,15.248073161661221,0.0,0.1093229879327342
2.448813293446755,344.75191570380576,10.586626044546364,0.0,0.08720939482371581
2.1963096969062175,275.846947415828,11.719091433782488,1.0,0.14973443505019818
1.9833245987268635,307.3396505992775,15.97738994262657,0.0,0.1655849909090625
2.083990587895946,380.61103141277124,8.13850929424725,1.0,0.15424861480663563
1.662353285810487,344.8419657932766,7.8086454446610265,0.0,0.007762589562360422
2.733725593885048,286.5734676047084,10.249202020961985,1.0,0.03882575408919445
2.038766354592568,255.44038872923562,15.11513655305795,1.0,0.10732150185275487
2.032818438381468,192.40922993353476,7.4419617735694725,1.0,0.18696440808876025
2.2177299871696077,264.042334037879,3.503533205668294,1.0,0.1669913550104234
2.1443027695210137,289.4434880586153,10.646523424773005,1.0,0.16850690167036034
2.067165207283739,250.6410236424408,13.65522239973276,0.0,0.060641638751934984
1.7628576633664064,293.43715164538474,15.600785249216488,0.0,0.08588957941574052
2.141440507140799,303.8425941479384,10.610515913743804,0.0,0.09414118946318749
2.56460734894251,288.75720090959607,10.765720178651993,0.0,0.031474316669982086
2.4036260138464933,267.499870958827,15.461702202767242,1.0,0.006213626048891263
2.477955987991819,308.43273359833637,6.390774900913739,1.0,0.18938057989210338
1.8466352970706446,322.09703247847045,10.834437674450973,0.0,0.048142517132701346
1.7031185539224256,245.4800461278577,12.571271669775173,0.0,0.04798978074472626
1.9622639239701056,370.54661898731354,13.347656163855103,0.0,0.016675810753751907
2.0167174736866085,295.07059338578694,10.470579920427353,0.0,0.18570155038875572
2.3282574555412845,300.9424811472424,12.103323035117524,0.0,0.11594742298795441
1.492260611085554,335.4107211628278,4.5350179397610315,0.0,0.13340737142507078
2.458865095838184,311.6608065631751,10.025254762998454,0.0,0.1823153774526105
1.952597630426303,347.6568316956623,13.360526137663403,0.0,0.0691240337801579
1.871935679015774,314.3562082600912,9.05311789723596,0.0,0.12430146222761683
1.6963686874219497,269.3781312679781,12.176952664768793,0.0,0.007759890945777493
1.5035429984402693,318.07517626030506,13.340617502408094,2.0,0.03735450564622587
2.2469511751885745,242.8136896339669,10.972352397426706,0.0,0.1662491610179885
2.0219953901565213,305.42798528882616,12.511391312989712,2.0,0.15335367126766716
1.6130117300776838,298.33850046777695,9.111802304146163,0.0,0.07012853829142938
1.6114763683809152,289.59415713637304,11.38016616091186,1.0,0.07536212555484251
1.8992645902129615,293.57312442805346,13.830648508767668,0.0,0.1067108867107159
2.500706457586818,205.90754772511804,12.470918882905302,1.0,4.8200937026909867e-05
1.9221225945909186,272.5637546129519,10.240406191308193,0.0,0.04824886720760557
1.5490571140645681,304.64224505705573,12.672649212872379,0.0,0.04164636172164289
1.9262770807742167,307.99281959987,14.143829371909854,1.0,0.050096589349952696
1.9181829290756989,248.61624295370208,5.850176164267566,0.0,0.1611811685066883
1.1909340071175285,363.28539204323505,15.477222194867693,0.0,0.05593477130928864
1.9837115400446563,256.691257589275,10.991235783956784,0.0,0.03830426441002963
1.9307196409373966,348.47286002633683,13.27646979972069,0.0,0.10085269215860632
2.2088619094440256,321.35971809358426,15.591740770935683,1.0,0.1731290072745464
2.5546868284836037,267.68863450780987,7.884978908308602,0.0,0.04826994076749998
2.3379695088643273,388.7655446304756,9.87167699271736,0.0,0.01570724855855974
1.9193333928335508,240.318158412176,11.134353912372886,0.0,0.07128094716993294
1.6680422273774989,345.9577086805001,9.648739436626716,1.0,0.14953036491299557
2.772007940974958,350.02911590214893,17.204809727510426,0.0,0.11013810893895892
2.0177655302043465,266.46898954616773,9.429683718519621,0.0,0.1633586739148695
2.004178787573884,369.62326500321643,10.3333596615394,1.0,0.1919184295218468
1.9927624738669991,287.49767427005236,12.61316709480893,1.0,0.15853249535032343
2.0594254282303566,314.43468146399283,8.393551421771733,0.0,0.12076061576875069
1.9566918764228172,313.01609193856103,10.812957864731208,0.0,0.0986683176104761
1.827901397935929,293.28456292647263,12.952359783750525,0.0,0.008013817269653334
1.8359423176278824,340.5404136579891,11.001418786852467,0.0,0.19686439576280826
1.9901740189352004,339.6744360276106,11.719839423300154,0.0,0.07669622451500852
1.8369725686598706,212.57340133809095,10.412003662654888,0.0,0.03044564278337336
1.7861462651968507,365.2170121439076,7.4565890724576995,0.0,0.13334177107929135
2.0319290683075693,216.8754005982163,12.964779634017717,1.0,0.05685765781909187
1.9235068347737434,351.6273102170829,17.264799214941725,1.0,0.11715565418620953
2.4511978965748065,356.3352568413792,12.055204892350314,0.0,0.11735358156891824
1.2047090574820964,245.4516784892401,12.675792351742649,1.0,0.08914596418057384
2.3274520555767384,279.45928560227077,14.078168265350579,1.0,0.16722372310900854
2.3738255577492886,244.7147665757032,8.192008510359901,1.0,0.05299341231108861
1.3779829302775553,289.2539484855632,17.10754397438882,0.0,0.08972651832354683
1.8971937217758954,284.59828579071296,12.606986389268407,1.0,0.1075384257181943
1.8885677402012626,338.983026613467,16.895570697267328,1.0,0.13272494415345992
1.5777464915846537,365.5154373059804,9.800901013428032,3.0,0.1567943701011179
1.7666549937227374,369.7841905394978,17.454185767673472,1.0,0.07896145657565122
1.6668272463602514,271.8915986710849,14.32546648210435,1.0,0.1292093888193192
2.5256811330270867,289.53890631277363,13.659120257557076,2.0,0.030122190613703827
2.2807035179442385,215.8280903889525,12.702073363059444,0.0,0.18652962010849572
2.3814665284982475,259.7064966751906,11.254414145776652,0.0,0.07661176128420072
2.2165016192129707,348.2425816548729,15.601594975421618,0.0,0.1459042843952877
1.6612844686348311,380.7791411774116,12.42107960954414,1.0,0.00406821637643553
1.8426439201160678,238.2825564060039,6.098790889238543,0.0,0.041037428580961405
2.1468123683683755,270.3767870423553,8.648440614878993,0.0,0.0974165088647156
1.6333616573324163,298.67971215205364,11.442462743421759,0.0,0.17565049354646933
2.2138995290517163,314.00805794098034,12.929996949496665,0.0,0.10545102999013543
1.9279023805525595,259.5198240039177,11.830234533300313,1.0,0.18597409645877583
1.8875537577351207,321.2030522232045,15.65691236938099,0.0,0.09675937931655927
2.2132879904610476,276.3080326464542,6.146694407884126,0.0,0.09808981934719
2.133278993445812,299.27738645608605,12.430763809515481,0.0,0.02394935770010638
1.891710150254276,327.314212400185,6.546062323838536,1.0,0.16053124883044398
2.3477989410092746,300.3211134905469,14.279136886452505,0.0,0.0493930824934125
1.6756810017200308,278.1807054736716,11.716623856673992,0.0,0.17992249787446302
2.184780682083279,294.51950980370844,13.258829916072354,1.0,0.18216484406607925
2.177930377390515,295.58185203973323,9.408351118230701,1.0,0.18866202237482996
1.907136068205803,281.4994485058936,15.838394794973254,0.0,0.10404609782061801
2.097839906672635,287.0601968666449,15.125173992176554,0.0,0.13541875695672886
1.624665927084409,379.9323585252358,13.750632909035662,1.0,0.15570317601233272
2.27720810576207,328.0459723970619,11.611448259409677,0.0,0.02620292373009312
1.9445293590671033,285.22598409854197,13.739571855885396,2.0,0.12019143899949945
1.8431830938442881,334.84772022553676,9.879322296037953,0.0,0.006859580260662335
2.3147027677510668,283.3090255121995,14.566666977062136,0.0,0.09951321667774518
1.7886968928371723,358.65623187933204,16.948442682971763,1.0,0.030968536324045483
1.577461611090932,318.4821096099047,15.211831679937559,0.0,0.03658458519241694
1.5330112479428288,294.63489279978853,9.811192590577772,0.0,0.07300951333852031
2.1818029854036918,322.3858462905139,13.084251951819308,2.0,0.08648743334330061
1.615871194251115,221.45619239657503,8.120575368724056,0.0,0.12463448490643746
2.5264382545953095,243.66162655450972,13.717170933527028,0.0,0.014885683687703134
1.3754211776348835,240.30374968004725,13.351810238587616,0.0,0.10073835224748894
2.5089369104870114,307.14715473818535,6.390550981403508,2.0,0.036525026050620225
2.0633052401607856,386.6257499742546,8.514648468262909,0.0,0.11479503500634838
1.9709860664388823,411.5650073096316,11.150583309768699,1.0,0.12748092245223672
1.836524273957315,331.90255507203784,11.09742075857752,0.0,0.11134185131057078
2.119740834305621,325.04222374722286,8.371569193743584,0.0,0.14765910209566155
1.9887095892725455,209.94711329236304,13.166936188056551,0.0,0.06712184884818027
2.3309905646049565,272.8663100132989,12.754420826821537,1.0,0.1530213183266262
2.0342682945986117,260.61081240458805,11.417192604064443,0.0,0.08655341634163874
2.045090528438563,268.9576200874442,9.73262549952491,0.0,0.09683689966451936
1.8909163363358432,291.5928090707605,15.14612137924969,0.0,0.12962042545221428
1.9829163128836798,276.3954711151436,16.966221339264884,0.0,0.003671676799844792
2.092340530667618,201.0350094812106,10.549315548460388,0.0,0.13079884428404967
1.4869494822030123,337.3955128058767,10.163499248535537,1.0,0.12371702981442308
1.5955443733682861,246.36284871300967,13.473622996235989,0.0,0.061969423350655986
2.2229792282068144,311.9623432055575,10.925911860759042,0.0,0.017158856979897896
2.0512596314383824,403.70413348749867,11.581808398010297,1.0,0.01818708998260823
1.9448049990941962,254.03077042067883,14.218959455174014,0.0,0.18464474939704573
2.005530179919618,173.4856238626835,6.271931737478122,0.0,0.13785586424516744
2.104274511608501,285.69978890599447,15.954906974558007,0.0,0.02542052275414808
1.8380720959071914,355.04798174992857,12.218041572988025,0.0,0.07134463386178128
1.7665085823793063,397.9173727110297,10.765520566313459,1.0,0.11849659878031929
2.0587535765293046,238.52252027737916,11.732297537335652,0.0,0.16711434101812975
1.7064881667154905,324.8349611618261,11.887288065061556,1.0,0.008732185742601706
2.1224758267143415,276.73447716099736,6.806396089665224,0.0,0.04732662629400178
1.489224918728648,294.7025822847932,16.48481468235971,0.0,0.17794979805907601
2.308746691197693,432.21716735085175,12.123976896811856,0.0,0.001833110036763297
2.141779244723913,224.85148358024236,13.329006391342126,0.0,0.040279820558777484
2.076808920294163,312.6869830747287,14.854649311722127,1.0,0.1918048351945932
2.294807295183654,323.38465858827163,8.9365126273191,1.0,0.12268036930443423
2.499642333338773,354.28931624696736,13.420415697105685,0.0,0.05233427332750129
2.3043110195054393,304.8991576735448,11.19707672730362,0.0,0.013398218879169522
1.4477377306005064,315.4025269752051,14.54031232564948,1.0,0.005638268089444432
1.6161269099792896,280.4175716289104,5.618317738945514,1.0,0.04894901592738546
1.8125544266912963,313.45634706225536,11.702717099276192,1.0,0.1762971639177821
2.00782731506325,282.84038622512946,10.191538032648115,0.0,0.0831827308595019
2.155297706140737,331.07859449280255,13.296788851902466,2.0,0.1440666738331986
1.7822768560539604,281.5194831978183,13.410132562104607,1.0,0.18365700707599156
2.0560300293431233,318.8550196951093,9.87712231553392,1.0,0.08160809232056332
1.7733851202940032,298.5368593157511,9.86347840747187,0.0,0.03825547420747941
1.8165446591024155,356.3025125386084,11.668003894328011,0.0,0.1034235861713839
1.5780016709455333,297.4303138205757,9.310073318054375,1.0,0.1816167374119709
1.7230300261667288,211.3483765896559,14.52595108635638,0.0,0.16087488282754014
1.5944946183150999,363.0960750356996,10.892378398657662,0.0,0.013165968672630757
1.7072380241068001,254.71338495686905,3.279035342035076,1.0,0.13851456001551637
2.316092538982352,267.311683067559,10.875533830134582,0.0,0.11437950449179075
1.7151803333504172,270.2169352978254,8.884368537468083,1.0,0.1814926352692851
2.7897146194512175,368.7219046585409,7.106172553617164,1.0,0.02449628337005945
2.1479953702642667,193.21628930106522,8.287720085332282,1.0,0.10680722264093133
2.055450837108462,456.8874266829997,12.32822541549891,0.0,0.17589253870237848
1.742492665945636,352.80284045330257,15.985922484744695,1.0,0.08200475734834861
2.2100929638226976,311.16194570645797,12.93955342159494,1.0,0.09639898354657342
1.8273086521286679,297.25529996918567,10.18048983535278,0.0,0.01409213553339166
2.0366029443936084,314.27770374288286,13.367712585512109,0.0,0.05562872808978217
2.7680253614806385,326.05612141896694,10.622729069343025,1.0,0.06490132983378948
1.971182030082605,332.26077929750284,9.916198892510566,0.0,0.1890244897489774
2.3447819978857027,327.78022330017245,8.536911995301047,0.0,0.056533472108231814
1.7890470724622338,304.4790340627624,6.744513579744843,0.0,0.0921737470539304
1.9895034528509115,290.1330789846337,10.830228880321664,0.0,0.13426088471285597
2.531240190690653,292.4363358173244,12.474160469760395,1.0,0.03243667448157548
1.8119098826636697,290.25458598236594,11.710128989955331,1.0,0.0972884774283749
2.5437345673990785,356.68850484335326,10.752099216157925,1.0,0.14770780789518154
2.2123255806366426,329.6778361140431,9.162761817909656,0.0,0.17337104260541322
1.8312599672317198,152.98056826678598,13.824738575054905,1.0,0.12525185493248533
2.189722321716656,332.79503882648805,8.048604240160245,2.0,0.13381070306338957
2.291766334888019,309.7368097359387,14.328083741530426,0.0,0.025256694516913793
2.186542988665159,299.0645621777051,8.993348943219825,0.0,0.18915529944926945
1.5289325840328631,280.5740773455557,9.742694287940896,0.0,0.026514815496896472
1.7818588472525394,356.2056359993007,7.599644428152969,0.0,0.15493458743635968
1.9257444093345486,347.3763231061429,10.49579355934309,0.0,0.052963264355663765
1.9776699712699861,261.35611660881955,14.925937375433936,0.0,0.18671862874025033
2.1862016292652036,320.35261435622675,13.546884265331869,1.0,0.1439919078738959
2.053310300279976,251.4171632729357,14.935266336084105,0.0,0.1507627425956738
1.5993966923869696,231.01909176055347,13.566427637801807,1.0,0.043811834611976665
2.114059355301789,268.6641387705017,8.688990514408893,0.0,0.08860799532703217
2.1831757235851468,343.1196736191379,11.007632327017328,0.0,0.12356263891785729
2.167937134379312,347.65625226880434,9.659402612647611,2.0,0.1539947236413202
2.3242342176663864,325.65427100486465,15.99172471211712,1.0,0.020791875182477916
2.2501766463646713,336.2547893423999,8.409634060721064,1.0,0.1924730632909057
2.137754023768531,325.8089143557479,14.681093068167332,1.0,0.17804413411091122
1.9789502865624058,267.92592023885237,14.678861610326308,0.0,0.05406971809911687
1.5017117199452026,321.596127233697,17.48886060514826,0.0,0.1645520486064664
2.1288854657397756,340.0204762613841,10.770940222111507,1.0,0.10366478460796469
2.0623063061489333,337.7145664906787,14.136966478740487,2.0,0.09236129631240374
2.081473651158612,359.4456685737322,18.84495550961653,1.0,0.06288682116228109
1.6169754272539072,335.4151923600532,10.14707496919891,3.0,0.1161937173263185
1.6756830378775214,317.57241037707917,7.394879257402921,1.0,0.14597782354071956
2.315945855999871,353.5075119158214,6.359969898276709,2.0,0.08218658099255166
1.9881334538430036,298.673937037547,14.138136086583994,1.0,0.12584383860165843
2.2044502092117875,255.90626743861412,6.350549375824249,0.0,0.13986258423106077
2.008495512839138,291.84665180281183,10.883042841186231,0.0,0.1422243634030572
2.0089268418487234,262.75486775967755,13.311939561116882,3.0,0.010393219626236051
2.2814851417927993,266.24108625128093,12.555526610489743,2.0,0.1719495611370134
1.8451865815347879,292.7740664642241,13.276334592552516,0.0,0.0916506629530096
2.028836233082295,260.37900395000196,12.666869567402562,0.0,0.05248321633924289
1.8613174133884873,284.601923518048,15.83659743994018,1.0,0.048352901495936323
1.8696511317703053,205.31926665231072,9.14305085778361,1.0,0.0966028225687901
1.9072483629594081,310.66468536864693,9.969014584624407,1.0,0.17736630789379185
2.066640131490114,300.0602737681112,9.682021664187527,0.0,0.0756695163365294
1.856375413500957,259.14556844659046,14.49057543558783,1.0,0.14994514935670866
2.3767268376720563,332.96228342162027,14.70119576518519,1.0,0.019363746197443722
1.7316178093341488,346.8785068813279,13.353675957955524,1.0,0.09521134043021236
1.9439385067515922,219.6220067815513,15.550481000669784,0.0,0.19833722807854715
1.8680806825177476,261.8637610716893,8.465877397870859,0.0,0.1540875605584674
2.43409336530612,261.5428825106351,17.00167233465341,0.0,0.042105697688122605
2.0589664329534725,253.00484494455677,16.569715865136775,1.0,0.10028829473958215
2.3095533618405906,341.47374209658744,14.20686599173724,2.0,0.04672495272971331
1.5543318880889085,290.3086930613598,17.34539672631318,0.0,0.08191218545250185
2.0801150797607777,286.77425793446946,7.030130376966678,2.0,0.15601680474699298
2.266889238687031,199.80688177966232,10.426655591212045,0.0,0.15424496305808075
2.0246851967826274,331.77090151046133,9.794089617954143,1.0,0.04562007558047703
2.3196441125196055,238.03708025732638,14.16443797127203,2.0,0.18444466363097203
1.8448134649698884,302.9966315133164,8.849577781193563,0.0,0.11851363655296537
2.422804232055674,313.8688468979096,14.272485448012457,0.0,0.07598485819240292
2.689669437085775,368.03292979193253,16.111608431990142,0.0,0.10038711615617213
1.8911484318681022,234.5589800440444,14.085608700251997,1.0,0.12101425068754874
1.8663492435797684,149.02439220895874,12.851253070984503,0.0,0.11197810636915709
2.43601534313531,309.1924772376847,9.036379977297752,0.0,0.09728100710723564
2.473871643719214,390.0255590755427,9.459447101623907,2.0,0.10098656081788003
1.8431419918540195,361.9473176469719,15.74885671589,0.0,0.035282382085577234
1.8739439548712429,310.4829707637313,14.338047011715997,2.0,0.16254658086093587
1.915464617341848,275.4181907183976,11.882941441867368,0.0,0.10835206398820307
1.5966648466897169,340.35612983186553,10.746271362702329,0.0,0.02621597234094062
1.7244044160547405,251.32269001477658,5.92257638066587,0.0,0.1532314203165556
1.6987577699743797,323.817888467811,8.787442743946684,0.0,0.18648879567547016
1.7696607304687615,325.2735079583313,17.73425726141917,1.0,0.18946137984739242
1.9895945337839656,353.01049537494396,8.1586332869926,1.0,0.07380354648223456
2.070264419760956,437.9830019455539,12.568439463663243,1.0,0.02710337471215081
2.465150147844223,319.6207983589384,15.022331919585596,0.0,0.10367992532661303
1.7004937877783628,274.5518187146251,8.235231995993122,0.0,0.02252184586984414
2.295296719542975,298.7212843904003,12.55413142434325,1.0,0.18679748370252347
1.9358033467323472,211.54620475554407,14.813746612531965,0.0,0.0367159254710292
1.98516088710427,265.26434344554707,12.037497965721752,0.0,0.05055317199023282
2.2024458476499813,279.5358780943448,20.605209167000304,1.0,0.08132730537699409
1.6631833935313105,273.79558010327037,6.994202223365415,1.0,0.07663289371182516
2.114722923855215,307.6177436016861,15.176185589651636,1.0,0.1589325784795778
2.0499356624639167,258.87900338088997,11.481594787810607,1.0,0.09126336411019248
2.1477353792024445,356.05153336622357,14.315760464510024,0.0,0.03415365200066738
2.0867505931723453,300.01035324590987,13.323921455097738,1.0,0.05344197909721482
2.736590041973268,299.5349839430693,9.800531408670011,0.0,0.10182267703750442
1.8086780047246052,283.6052641743541,12.68698917737802,0.0,0.02949078348522698
1.8407009134994547,307.75953419294893,6.426295645805139,0.0,0.12233113512920282
1.8130578420725707,341.2549132333817,13.809742501714181,1.0,0.11314946131022918
1.8333568642519236,256.643489214455,12.894475397971577,0.0,0.14294046327645155
1.8087838618080447,267.0941755462372,13.915980505929307,1.0,0.18754092307587356
2.3567049593322658,284.81369856116675,15.174354975261451,0.0,0.18245091222023113
2.4261512743969567,232.70645382633927,13.102859520629133,0.0,0.18921512361376627
1.828776111875157,259.0371070139251,12.444268259394828,3.0,0.04894311940474019
1.7502933280687314,276.18895632276707,9.356794990016123,1.0,0.026313061327870924
2.1414246669159214,343.71945903563636,9.863337709052846,0.0,0.060455340099289705
1.8343330867157086,313.12806645009624,15.560203860531992,0.0,0.17901703455326293
2.189879545326653,309.6794955683772,16.309006217117936,0.0,0.19441069492469765
2.0608769062553898,342.5448981083986,11.285668691063838,0.0,0.1718649902140952
1.5452767655008304,293.13141058003015,12.138008241759822,0.0,0.022003544225508723
2.4642515603990187,319.5232424964445,9.286156875018701,0.0,0.18948559961195865
2.5387633019286566,294.8389123533752,15.518270535802333,0.0,0.0846716054701572
1.816163392854684,313.2681174699814,13.996250471075335,1.0,0.001862058152470736
1.8836895320192049,270.8620671194209,17.82365230939125,1.0,0.08847874814963873
2.0857596172174713,178.05914208617855,9.365030768460784,1.0,0.00921383393509352
2.1003370369961076,293.28604189068477,10.865976302945349,0.0,0.10877558423222351
2.197563281801849,371.137406804997,12.694337767576718,0.0,0.06771080548741026
2.603061361629905,346.31077011207964,13.939468613177311,1.0,0.09468698671880976
1.9469158317517852,348.2698742295585,11.352997087357103,0.0,0.12263407214862342
1.760510826638464,361.8065360903109,9.381116728638899,0.0,0.17376021916356407
1.5862042315956417,304.43287954807187,14.644222586770713,1.0,0.13238031529438574
1.7807209880174244,309.86578537027975,14.163406087636744,0.0,0.08680977369563614
1.9900619081378608,269.1174052282825,9.251177698308826,0.0,0.16388557073407303
2.538367359055336,284.1963571986475,16.066328403316486,0.0,0.18111642751462645
1.8447166102891486,330.7885574885571,15.51059612758981,1.0,0.023951993286439446
2.0671363854916693,360.1942218584408,12.402889491743379,1.0,0.10638659551055829
1.9950731311781744,293.02768621595004,12.238793587128109,0.0,0.05690239194848883
2.356517982034425,277.4905367574294,13.662173313347722,0.0,0.009412239575389482
2.7580797277620865,300.0263979428299,9.414890789231226,2.0,0.13370933902279708
1.840739368123904,330.0603374464557,12.090094437492246,1.0,0.17255415549184513
1.8531681672445335,227.80725919332292,5.542849366172459,0.0,0.03258053089547881
2.3132482631207214,185.1909523431381,14.629366936508806,0.0,0.1624827315247801
2.2045674468878933,272.47315752542085,7.315520332674422,0.0,0.17067914670738835
2.55401219772081,238.96437870429207,16.510259485286998,0.0,0.18286808853329672
2.175178455597789,274.5929901176345,11.00963971810065,1.0,0.053057017817210485
1.8922123727638822,292.61098405912645,11.36499905420647,1.0,0.18079061303797786
2.1771964492076927,277.3375795488493,10.116798281746483,1.0,0.06413255094728645
2.3326110741748725,372.62337672353726,11.135883378233771,0.0,0.11046760269110056
2.246144654359209,316.337238230116,16.255594035444112,0.0,0.010101494166456428
2.152182209332189,315.0237179805414,4.536574030394762,0.0,0.008776217673748721
2.320002406876746,331.1103572021701,15.830896158264563,1.0,0.1440746425464406
2.3507886771337017,243.05834411096154,13.014070443305124,1.0,0.08889599559555822
2.414647697311258,351.95558937101345,8.378935056428354,0.0,0.05125847507384351
2.194612966276893,296.211785673227,8.774062820852286,0.0,0.03808269920498204
1.9498645759049438,333.5240308620606,17.02917908162461,2.0,0.13399069817184361
2.044014105929997,246.40713834799223,9.163479360171806,0.0,8.030880506797456e-05
2.361952689952507,222.3120616991968,8.539948468212122,0.0,0.16117823383937085
1.7549192987038291,340.8944829012514,15.411943627094189,2.0,0.015849921225985764
2.1106019926618704,318.82047630487585,13.015658628857743,0.0,0.03829792298162389
1.881998356301792,254.89742228212447,9.186223270390803,0.0,0.07724727905981793
2.008623446880445,256.51684593626527,12.649874926213856,1.0,0.09697174794322072
2.3835355587821896,356.2717392207385,8.922741949079168,1.0,0.07099902316278837
2.057329720405971,240.52940535663362,15.302464195267817,1.0,0.06414243299685878
2.013930964446845,382.1336476627982,15.1841128946194,1.0,0.1927832024146377
1.5920431577060241,254.96896326760657,13.596018596465829,1.0,0.12831593624867885
2.223876069808166,331.91959628041917,13.08498318374105,0.0,0.004686591073477642
2.193645254342323,283.5690762125508,17.283564374602122,0.0,0.08603518168886265
2.648976416991638,330.1593715541172,11.999058982164676,1.0,0.17500173994879406
1.9076665295140998,272.79429989429036,8.454377623737596,1.0,0.06029123728213359
2.065745098299182,291.8603546963853,13.34842173849692,0.0,0.018911268954877648
2.0748151051132266,302.04595876978607,18.25814114861134,0.0,0.15167695431798356
2.473235983929042,249.89062721092637,8.955721520442443,0.0,0.12120276638721626
1.9714113402839144,337.0412172710063,10.915611699918042,0.0,0.11406250156530079
2.0837064577311017,274.33932167642075,13.249338114304358,0.0,0.010715311921481585
2.182368952914962,288.57000423299905,11.838285452982783,0.0,0.028099801959103467
2.0559827369469073,250.28253126957438,9.053089258868056,2.0,0.12450987924262276
1.8660699156348415,171.88331706023448,15.365573568691413,0.0,0.04156476829176717
2.0582269978694923,290.44861186999157,18.96012216605178,0.0,0.10081401594968487
2.3220895249579314,420.6307710806458,12.588394377071722,1.0,0.1089763372058787
1.692045410176682,339.23021439490117,9.287795130791999,0.0,0.05670143805418788
2.0398909022440628,299.03698101328024,7.353118424839575,0.0,0.1896850311082986
1.7899637555182482,286.8554585395866,12.773927943663542,1.0,0.16849282136711505
2.3585139886774527,301.1232946406023,15.311632029948772,0.0,0.1444747015265597
1.5430439285648676,327.3559557587605,13.425503239486146,1.0,0.015598773281881818
1.8323234458185236,240.95935923455775,11.992788477243439,0.0,0.02122600386180389
2.113163562519356,355.7160847334436,10.232185044632082,2.0,0.09855626917299115
2.469657208770302,335.7690657720622,8.723509101845732,1.0,0.032142669838197135
1.9802749216781037,335.9092862853967,14.504253978974646,1.0,0.19565309270589482
1.8334401419920405,321.92378694048637,14.741314864156756,2.0,0.03170404680548189
2.564347120832177,300.9808328846995,7.362810639927801,3.0,0.0974935670927948
1.565595829875127,333.643061798341,16.769516934542054,2.0,0.07282421136830108
1.3403582130139755,329.5907066870689,13.722213662682003,1.0,0.1278772842908196
2.1320043350159996,282.2979644529488,16.19878393543738,0.0,0.025807281777884983
1.8493837326942166,271.31991135515494,7.973616754544655,0.0,0.08606328560847819
1.6936301548607862,305.09281476309934,7.902527533753683,0.0,0.05494100656142873
2.212506934189806,377.4510075747594,11.55309207069811,1.0,0.17755030493433763
2.0731402141313597,238.04464621730494,13.508353280685583,1.0,0.008117142426939018
1.8307764107789815,226.623736712378,17.38908246878089,0.0,0.18274549880129187
1.6159086803987317,308.2380420618258,14.118236741445394,0.0,0.16659882771060008
2.2617371984840435,302.5443850928009,11.2719561695639,0.0,0.059514143288163096
2.195060353387598,308.6670832185204,8.920892377002325,2.0,0.15785813093542095
1.970247240866185,312.19765989542503,15.69000171815745,0.0,0.006242712067749512
2.5539910988142998,288.83988726825976,9.105883722747855,0.0,0.19337311005867874
1.6789745701021541,374.4931719301041,16.885405664316963,0.0,0.10531898851795787
1.5423424487225783,219.95480107617422,11.146846051180471,0.0,0.06065620521308906
1.7924275790356268,258.5751487609877,16.77174621785355,0.0,0.07251664251893541
1.9863241950933506,294.8372619925476,14.036793870177835,1.0,0.013281070692099474
2.0730018347968073,217.84055944229164,11.589013531672625,1.0,0.19786990280840785
1.9276291826431011,291.20727977839647,10.44181088452162,0.0,0.007858389030138491
2.105616618954289,383.0735082864009,10.97727636796176,1.0,0.13098142462957182
1.6245381727428667,301.0443244147981,13.284950077125712,1.0,0.08854718554129166
2.4331293812219776,311.5350452859342,12.23146948865315,0.0,0.18978324363774302
1.9753546464822294,236.991761741371,10.218565775793884,1.0,0.049199948061359036
2.3351887494764383,269.1819295980261,11.503105769047103,0.0,0.10641736478760228
2.1028176039133113,281.24018098380316,12.235731089157449,1.0,0.0964712417165506
2.137025965746135,284.1142451621883,5.613797716755563,3.0,0.14057328881002026
2.170930184069661,364.08218975018843,13.374504344366096,0.0,0.013602046390484103
2.1343125680051944,327.88455303625625,9.060836325849579,1.0,0.038757826004670974
2.192816827960263,244.4271021531484,8.540002790382765,0.0,0.04291296401856997
2.3987457590397296,312.32523892160026,6.937966958667869,0.0,0.14763015096833795
2.058956350910441,324.91108742483925,6.618322506396329,0.0,0.03782773926534802
2.2127011272765538,357.0074519260633,7.9336574906631325,0.0,0.11469835277819534
1.973079291713832,379.02703432841867,9.872937127108528,2.0,0.04304876410019074
2.4320351646348417,249.24529040860656,17.859777412579703,0.0,0.1723249900167957
1.797082309382219,259.4571244394831,10.422360972314388,0.0,0.1884370908979277
2.5402821298732445,237.1211070542692,12.533250318804093,1.0,0.10369859498844809
1.987952614806697,288.2990070446509,13.201444159518985,1.0,0.07046177684183566
1.5707674693645854,323.31791872231673,12.393195558647546,1.0,0.04681155500349983
2.038431324473237,349.3667258294551,11.767669617822019,1.0,0.009956200304608753
1.7956845027575357,296.20244881787386,8.414118709202267,1.0,0.05370001523949908
2.252193064696617,284.0076238372578,16.352782644837635,2.0,0.13084715598906357
1.8042128062092828,307.587899612437,17.421589930913655,1.0,0.10672338626184218
1.8661449700355661,258.24285491849884,6.9520239176319425,0.0,0.1888082556561855
1.4331377807163408,404.47693608473867,8.92791422734086,0.0,0.07925545249834012
1.864308104225277,219.61694864409708,11.160568972868981,0.0,0.1387726684656789
1.2728362020113129,309.23702894478623,9.106386615269425,1.0,0.09786454949502428
1.524829152954283,401.18031096148195,13.517896660367596,0.0,0.10251524318484234
2.228124396843289,300.3399922279999,9.81518339278016,0.0,0.0535548629208235
2.23574004759525,290.49804824992526,18.49516820341981,2.0,0.09099015536839994
2.1276372685354894,282.1277288594786,15.571645783030789,1.0,0.09415699940254146
1.709907157061236,290.9804159118796,12.637722091896645,0.0,0.1413285043497868
1.9856865931574061,368.6424237338265,15.080958789959197,1.0,0.18812799983722278
1.9989192382728296,189.40690443352466,15.317701273071927,0.0,0.06586425549650086
1.6524905932422371,376.6716850648163,10.30815753582527,0.0,0.00844009371625969
2.451019490530145,228.80214237749274,9.551348266374106,2.0,0.09925902510012795
2.2632086871727015,286.66738353827924,12.234429188908942,0.0,0.10889226642983373
1.9337107478511009,278.5377789850669,14.584908373493832,0.0,0.03368811022638305
2.0080657516983593,329.427663488536,12.417181195960254,0.0,0.15209292125521334
2.0625148423842656,220.09378240581262,7.269010553427009,0.0,0.19698582168829834
1.3874795394727129,323.10863330409717,9.591526668147473,1.0,0.1891549434016922
1.925846785243821,401.21548116434263,11.778081409216865,0.0,0.03942120776473044
1.7954047256006604,231.84129977035948,11.773003187022509,0.0,0.17507264798015215
1.6995139970315254,309.48530838051977,17.917626530369425,0.0,0.14089872728233696
1.9156699121342136,266.90089111016954,7.842036172803006,1.0,0.09076931276138232
2.5393059580548565,321.2943603096518,13.516767725507624,0.0,0.10812219886494581
2.192252858380103,300.9573888707876,16.46733932498487,0.0,0.16992003499649164
1.828646303065161,267.9256545477845,18.814349236268388,0.0,0.09602698792767464
2.1717748344068477,324.3936142435537,10.786807730448116,0.0,0.07464147382102537
2.419806630975801,390.2174054893371,13.4742883581606,0.0,0.09864949860519717
2.2773901048738305,290.4548104136351,13.70928107159594,0.0,0.11582596080700983
2.017889110976052,335.9878971074091,12.586445194659872,0.0,0.03781553075566977
1.8059189666883277,235.3363521064418,11.703464396282081,0.0,0.18018154605339815
2.2094669940840768,252.17818115909955,13.307926168500138,0.0,0.13483738976592277
2.118045615626525,323.62031389401886,4.403261744340944,1.0,0.12665378346749778
2.2685579660083195,374.20580142679825,14.046208470187894,0.0,0.019899245236127627
2.190551540504591,317.780667439283,12.378533710985902,0.0,0.12083478763451837
2.3148658145958008,284.34709847384227,11.332575309665204,0.0,0.024192132447698467
1.8394294365318296,299.9645702711677,18.140586587158673,1.0,0.01573953503907981
2.395218219690298,237.47961330151412,9.975197943628343,1.0,0.10546217912847866
2.05927988140772,330.2257663177683,10.790772032804908,0.0,0.080557106809299
2.6225782617875795,344.1166531161705,17.974659906614203,1.0,0.11776205403124465
1.7932436545731296,277.395483358346,9.503816085450431,0.0,0.01784443361144772
2.520789140949575,276.49789261202494,10.349654151190384,0.0,0.08619661256945169
2.0593732350387945,313.2939114826024,11.55892372970745,1.0,0.0349573430090316
1.8045745989156654,278.16401319797023,14.522203446388648,1.0,0.19742001718482333
1.8548342497837036,296.69336926870886,12.62340752205994,1.0,0.11223004248703489
1.903895807541704,404.98608945832575,8.122123958543213,1.0,0.13748737218817347
2.127249783920575,287.6487149627002,10.40349431061843,1.0,0.06508365613652156
2.15685064641065,282.08299239893887,10.177936700363366,0.0,0.018947782955868832
1.8278899988184263,267.62290971824206,11.768336864330863,0.0,0.19517417255670733
1.992693622321705,337.20959857499685,13.277530975889487,0.0,0.05725180707663664
2.642681107583559,290.93879133909485,13.254617267663916,0.0,0.08476163703471484
2.5182629510302132,267.5313480839287,6.671964737854793,2.0,0.129972784340515
2.1308971009022097,366.06520161365063,15.191822962682568,1.0,0.004939459537222257
2.01140104345046,370.9801502256819,12.75770653798987,0.0,0.1620518261034574
2.0360093980154783,269.97882171306475,16.15359614278172,1.0,0.10731563800572406
2.184055391819125,206.6730024319692,13.332594981872015,1.0,0.05564343741376443
1.6931622304404783,350.37568449184613,15.303968873207285,1.0,0.01232159705849385
1.9227870387729964,265.7685087119998,13.39963593435038,0.0,0.032499683094888286
1.4994247778367233,339.53127995813844,16.038677268608247,0.0,0.17900677177068738
2.1197669367815837,201.4948091144082,13.566751908053336,3.0,0.1372048447871782
2.194158781910822,344.6298669149655,11.706254260671288,0.0,0.04998034432737797
1.8550440613101877,239.44140353596094,18.817304161340644,0.0,0.013120152989005908
2.47219602898701,336.5382059533262,14.667111366839677,0.0,0.13812306247732728
1.6322703010992976,300.7136533918217,13.72123326301324,0.0,0.11448154519355302
1.560687535937054,252.30302903016775,8.171086750384992,1.0,0.080903904891647
2.0673355455679916,279.64818435366095,8.135077147609387,0.0,0.07272228983801277
2.3141294907836465,334.31592284783505,12.87814644642556,0.0,0.04336285518582166
2.505178307437361,305.2947226557617,12.436563593304722,0.0,0.13392225130750354
1.862334721139318,329.2206490236242,10.157632304975051,0.0,0.19413360555877412
2.3236042500293888,398.82202922577426,12.42294809883618,1.0,0.03514304916736517
1.9884474591497878,221.78791941444743,16.765880784130786,1.0,0.11942332400310068
1.9482118100177541,380.86062874843117,14.086207423650896,0.0,0.08483701114919524
2.2650979812460017,305.21779687616066,8.576974470741785,0.0,0.08933774434893299
2.195696863524026,255.0607975838436,11.665473518571169,2.0,0.05082945602556288
1.5270823529047253,233.48431871305053,9.585100557442317,0.0,0.16502697513228382
2.4429621049177688,290.54398046114835,10.836900250774317,0.0,0.09705112082944822
2.4140274062442355,346.082505596223,10.759153003111072,1.0,0.10868117043965282
1.8123311895471412,293.6225439811233,10.567063252187985,0.0,0.060952182559465155
2.1187410600312226,375.5577465123674,8.234593884079816,0.0,0.03636169313338995
2.1482090558848217,227.44121549742204,11.617035955445429,0.0,0.0171820776405641
2.0782021297471722,299.39555260769725,10.31817708945807,0.0,0.14282382818498318
1.834908453846374,237.38032777934404,3.2116539299931954,0.0,0.03924685633757113
1.7985129896185845,318.1815941312484,18.15891607350499,0.0,0.13801507083775955
1.9923337787025663,344.344369504865,15.266308962650015,1.0,0.07807528920939077
2.3518187057778093,278.9619103159473,10.871097825225013,0.0,0.0831549601979303
2.1630800463783295,169.7893071686433,12.056457149221796,1.0,0.09383549921855434
1.8888157003741681,309.94740733982474,8.485036958047314,0.0,0.07354170162550865
2.2315096131945036,321.8369275866755,17.087168633432597,0.0,0.02012399544451802
1.1454372138109774,320.2147377480849,17.691866084319336,0.0,0.06192636200056916
2.344629710111631,361.7891095911077,12.470081184739573,0.0,0.1327468721387877
1.4780858663665701,246.44731601754756,15.070591932556034,0.0,0.1331568802937742
1.8912677175790604,334.0108052725225,12.525860336801772,0.0,0.057244861447998875
1.6640990316121569,359.6253756238988,7.989823683372208,1.0,0.0920205253115376
1.6115955572837284,211.07062079967415,10.764529893109028,0.0,0.0386894456023875
2.3482480362135556,315.98259129594885,12.395783900315871,0.0,0.04207441630596716
1.8596896396064326,274.7910084496164,10.636356843769667,1.0,0.004609417681321482
2.1039511645192146,295.9238663449177,11.344040167694892,1.0,0.17934930998154894
1.9859238263362449,317.38382417691685,11.725801327472656,0.0,0.04214133301498124
2.1431122481669362,275.6385717943224,11.757364506403617,0.0,0.04550677538729267
2.0230465673180764,266.21459604191944,12.15677547149245,0.0,0.055920286529026364
1.615102332743429,301.70762087440124,8.818184800810197,0.0,0.0254816143390858
2.298880045834142,245.63770305685986,9.848951552616192,0.0,0.12785257663627256
1.8518730250516062,245.70874355574074,8.146247202900092,0.0,0.015028590635517314
1.5330254304020747,333.96866414782517,14.9334466490586,0.0,0.026840485265270053
1.8715654517102263,242.5602982420672,5.683059174479027,0.0,0.12895134531801858
2.4502279371902933,333.3156250454606,15.460771029950777,1.0,0.06793212409628856
2.255066522634048,323.1295646426976,16.15904819178853,2.0,0.1415895653402378
1.8954043596776422,213.70966356047018,11.093458239052136,0.0,0.11148494893402841
1.8952226887044714,266.1217673832173,4.190588736518104,0.0,0.05120423461230261
1.9035094846347853,359.7054701523686,10.916068314098128,1.0,0.13016559009786563
2.6230243950682524,250.94172344301592,11.807447516133543,2.0,0.02325473605857613
2.114580635669466,276.7797868845306,8.96820534021326,0.0,0.10728207661600608
2.1290124941573207,323.1030446625948,10.454344818575272,0.0,0.08742962100900693
2.3090850362095527,339.1695254641298,16.590585596590053,1.0,0.05357471656348816
2.071636747707954,287.4230556977752,13.994781486905223,0.0,0.12080099954790002
1.922287356253789,270.12449026541793,9.2263076568657,1.0,0.17426671846805653
1.9410950452745066,371.1184930849254,7.207202491213703,1.0,0.19978093995261537
1.9785196221757808,386.94498318987894,11.018948047170687,0.0,0.1215525537486849
1.9888333290470475,348.9429025390898,11.359629661948686,1.0,0.08094117486583403
2.218288863091094,304.26590712825123,13.488597562089948,0.0,0.04504142004324033
2.01558376574219,259.58671391795366,10.394049862297024,0.0,0.05141921787902235
2.2197920231646737,258.4777796721717,13.534498726085584,0.0,0.09589099562995314
1.9757850259674252,326.1257052632879,17.805462120180685,0.0,0.07345554025614186
2.023590557094827,320.9199110444342,14.446503067332788,0.0,0.18276290452498886
1.4005397946403677,370.0799296473215,11.855734478007681,0.0,0.0736590935311419
2.2748983024107443,332.52250462680695,11.450548586840116,0.0,0.0746889182290871
2.103946542769398,224.8459849120091,10.929980597460386,2.0,0.0767069024867954
2.299403032957896,352.5973808861459,15.541922737356433,0.0,0.16732404207353163
1.1311233865418933,250.09696863427936,10.118059662146091,0.0,0.13015766416938038
2.626512411434218,280.8014364023824,12.135668126999947,0.0,0.12283377006377855
1.9581231115534479,312.5100103125847,12.153593705643257,1.0,0.06682860447677244
2.332454845021255,399.7833744891982,10.494647421565404,0.0,0.1635808353664879
1.6880282218623408,455.4959278002681,7.882603356347698,0.0,0.007672772271140227
2.183832171518771,330.33615295680914,12.968923510853005,0.0,0.17415943446762264
1.683975331047903,290.8401690639806,11.816988084433849,1.0,0.10254997995878593
1.8128693117912584,326.7252824240275,13.50072140830971,2.0,0.07965004697268258
2.574209406160036,344.3827712936918,10.3991990806825,0.0,0.09943345614353714
1.942795279770996,283.9666187221404,15.662463896439142,1.0,0.13348310610676623
2.0652298619539167,389.7605677956161,9.369678656364465,0.0,0.0025530853035794724
2.2610203192066263,311.5035379595701,17.13612085205368,0.0,0.17431037129164956
2.1487045663917814,324.8871544545697,6.757090470515215,1.0,0.08934790506227858
2.045125671543073,333.2962126027231,13.304310193670673,1.0,0.06859330394001564
2.1094883007398675,321.0793305307228,13.42629204757987,2.0,0.027649113126811422
2.7210246755714826,341.9470250234806,9.613328796177353,0.0,0.08789307487168843
1.9827143608899245,269.13734067265386,13.273181813583038,1.0,0.09926455425687578
2.06032971401449,272.08491230269846,15.838556009280477,1.0,0.08072933889869556
2.3151963188022835,244.99228835141525,5.349543481937807,1.0,0.1357320187653794
2.331657779887395,321.9750615310113,13.508234422472444,0.0,0.08417930575184521
2.356109091668114,338.9468251756057,4.520187539009767,0.0,0.19228351556931467
2.191619066608755,322.8886433075943,9.103005589430376,0.0,0.11985550356471837
1.6570985261808548,383.7246216673769,16.887499094702836,0.0,0.1614955871303818
2.4900294596903287,299.7201990585477,10.254653899823838,0.0,0.02187118062189577
1.6560963820943937,333.43708277962565,8.478360106773081,0.0,0.07945825858918115
2.09079063957171,245.4149561930343,11.406186813045954,0.0,0.06736954028943054
1.7737172449941927,280.64501487627996,18.203719014490655,1.0,0.11389647762731836
1.9807584960221023,334.7768878782889,6.504953258381922,1.0,0.17222270401228512
2.098628723091044,342.4551055371572,8.846070265081966,0.0,0.015667643552401335
2.0964071646350817,285.3016526167909,16.49229504953888,1.0,0.014514959608942158
2.1265762262705854,296.4200374070967,17.573107030613198,2.0,0.1700635416315198
2.484113380717594,224.10631266595954,11.689706327129148,1.0,0.042570017207671486
2.136060290454194,282.1485399596695,8.282841892420073,0.0,0.13375065088996274
1.9267530094128054,344.51915817598933,18.287530505427476,1.0,0.10857562647216104
2.289226150486507,328.7602508053283,16.783327175247592,1.0,0.16657871897744592
2.356841146677392,325.03328606906047,14.0368409632867,0.0,0.025017781967280706
1.6317176554589023,302.488684359048,9.56279295318774,0.0,0.025956593144522255
2.1792200209549573,300.3531579314088,11.85291197748589,1.0,0.11136367205566151
2.2103518226932697,266.98394302632767,11.518919756865508,0.0,0.1892757306716742
1.9107309489920024,334.94142101012676,12.992553913846733,1.0,0.08299955167415085
2.4127120439934857,321.0486472194695,16.353004314394006,1.0,0.06538842005093899
1.954983323890242,324.60094239963996,14.63825112341221,1.0,0.12133786463957717
2.0376729360414627,273.69825786662096,8.767871769045726,0.0,0.18608972010900623
1.9480784527148391,192.3328540064378,16.129489350058613,0.0,0.16738556656892475
2.0046737142744404,354.8576355876848,12.939396420039467,1.0,0.19909672214664398
1.6711174739314394,276.0581271995798,14.06119738757675,1.0,0.0045137166404754184
1.5679847352217118,256.86121179784396,16.399622577835807,0.0,0.02257162894255245
2.4783515189674916,334.6739455956997,8.665259251459347,0.0,0.12189355267332441
1.7459115955045017,280.39936800404354,11.89252326388061,1.0,0.16411528786676996
1.7025822951631078,352.9968192023311,10.405636345922355,2.0,0.05704886846135331
1.3539829659188856,330.8502974788349,7.296421723903633,0.0,0.047842217606843755
1.8083114756931493,334.1784661600239,13.040129932814759,1.0,0.1573951598762402
1.6030730619777505,231.7022144399733,19.534669654753273,1.0,0.011276370770646317
2.4926045480409105,360.59719926932,6.479766766482742,0.0,0.07387652951651702
2.3029451268027903,313.0625265616928,11.90315816685159,1.0,0.10116184451846595
1.793554896446683,281.53614303768984,13.92162880522432,0.0,0.11206973487006469
2.6757307416032927,307.16942336711253,12.369234604968543,0.0,0.14572303135855538
2.2945296460974784,211.188238355084,11.66061584245278,0.0,0.07096914468613165
1.9025505849474134,320.43264057403354,8.102350909662526,0.0,0.12253686893492144
1.250178285537928,248.53142459089642,12.69836022882049,1.0,0.11707508455819127
2.6872827717772223,232.36648570782327,9.72970806895222,0.0,0.10952322013074943
1.583128259970921,223.88204068910545,5.4302348850643405,1.0,0.12809665862844244
1.5063803759129324,355.63441874949626,15.583776661541192,0.0,0.05188983421361526
2.306771129602892,268.5368303153606,14.875157459526127,2.0,0.016929750716925797
2.731925721901782,376.686385495825,12.15498293055324,1.0,0.023854334407948687
2.4152818455531553,273.20992684738513,12.687224064617109,1.0,0.044916476530780215
2.169172736015708,214.63210212035267,15.222954038146684,0.0,0.10003958710455706
2.178426302499586,244.17377800256705,12.673018970334248,0.0,0.16808855010920404
2.2560246676340925,361.79058100034695,14.712052664283943,0.0,0.14025866841767684
2.2276785769360297,292.20509110316664,11.10755339737845,0.0,0.15780812084040943
2.0843574271908127,272.58563517547,15.93595121572184,1.0,0.07019512478521828
2.031260331185563,308.0009112926394,12.96235717779805,0.0,0.08093074832971003
1.9812220616301432,325.08913680837725,12.582155830817623,0.0,0.07873637719812257
1.773810623339997,355.86994079512306,8.189816733863903,0.0,0.03837463688090031
1.9157974769399677,372.4249614946463,12.860867562905126,1.0,0.012243331628714405
1.4921129557413844,282.0115677105457,9.504135247516647,0.0,0.11818321856544536
1.970498111961575,233.6976156958981,10.085151820414517,0.0,0.19784333668411724
1.7034226678547248,279.32674194383617,9.553873115051637,1.0,0.03336594099005257
1.6689232048352687,313.0140253291443,8.801295204302324,0.0,0.009336963979854751
2.0539682453460437,251.81205368946945,18.374314209050887,0.0,0.1559063363647866
2.4176006859033796,252.14245425524786,15.994017185965209,0.0,0.050517201336944845
2.2754949818006938,317.1893940774943,17.761102506432785,0.0,0.16592876107058568
1.5288498189130468,297.5673824214774,8.331314941333307,1.0,0.14078733340690308
1.7031115590288988,301.6398497705793,12.213761249732677,1.0,0.18913470741016092
2.2822313563964647,262.07523326499654,8.119477124387712,0.0,0.0817854471513344
1.7052537819385072,288.47996428971163,9.912915368408807,0.0,0.13239396789012683
1.9326100550008927,253.7883427865848,9.245619049750275,1.0,0.09297095616265415
2.1650156297073657,344.50992055623936,15.718752019324684,1.0,0.1261177394617087
1.7094966635409095,351.7624667361876,10.81131096569472,0.0,0.08991978120154748
2.031612651843788,207.69060688809532,15.205138001082048,0.0,0.03772644928481497
1.5997923515245387,253.5244569903795,13.812362668765553,0.0,0.10157948320067618
1.8195897068146358,225.17353724549605,18.910916256314366,2.0,0.10571684028748847
2.095934580242761,267.4988032796551,7.561667330580828,0.0,0.16212076965203223
1.5221018799404993,295.82810151048193,15.777699719360397,2.0,0.14710414115871626
2.1321424213881195,227.5177390150735,15.439322611202183,0.0,0.13275832478828883
1.9941086603219957,253.90700934373433,9.079863485918896,0.0,0.022677419110514508
2.165746986325144,249.80213139592507,15.021400009419478,0.0,0.14412325813274302
2.067174240219398,310.3633664699472,13.008434889078686,0.0,0.10006103127090296
2.4092421289921533,303.4672168518125,11.317571220139776,0.0,0.17881990722123187
